link,thread_id,title,username
showthread.php?t=1553812,1553812,Guidelines for Buy & Sell threads/posts (Updated - 2015),Octarine
showthread.php?t=1392881,1392881,Resellers of Leica or any other brands - sign up as advertisers,nightwolf75
showthread.php?t=1363062,1363062,Pls READ - Unfilled Warranty Card (NO USE),daredevil123
showthread.php?t=926738,926738,Illegal mass sellers of Polariod/Instant film - Be Warned...,nightwolf75
showthread.php?t=1703704,1703704,WTSell: MediumFormat - Rollei/Rolleiflex 3.5F Planar,mw1986
showthread.php?t=1703675,1703675,WTSell: DSLR - Fuji X-T2 Body (Black) with MHG-XT2 Metal Hand Grip and Warranty,Nauxz
showthread.php?t=1703659,1703659,WTSell: Compact - Fuji XE-1 (Silver),Jedi
showthread.php?t=1703627,1703627,WTBuy: Compact - Fuji X100F (Black),spitfire93
showthread.php?t=1703588,1703588,WTSell: Compact - Fuji Fujifilm X-T10,ezaqelfie
showthread.php?t=1703586,1703586,WTSell: Compact - Leica Leica X (typ113) with BNIB Visoflex EVF,imstrong1992
showthread.php?t=1703568,1703568,WTSell: DSLR - Fuji XT1,djimsum
showthread.php?t=1703489,1703489,WTSell: Compact - Leica Q (Black),shoot78
showthread.php?t=1703487,1703487,WTSell: Compact - Leica V Lux 20,gregwklee
showthread.php?t=1703482,1703482,WTSell: Compact - Fuji Pinepix XP200,gregwklee
showthread.php?t=1703479,1703479,WTSell: Compact - Fuji X-Pro 2 with 23mm F2 and Godox Flash (Wireless),ringrain78
showthread.php?t=1703472,1703472,WTSell: DSLR - Fuji X-T2 Body (Black),Ryde
showthread.php?t=1703448,1703448,WTSell: Compact - Fuji XT2 and 18mm f2,mynameisj
showthread.php?t=1703438,1703438,WTBuy: Rangefinder - Hasselblad  Xpan,pilonn555
showthread.php?t=1703411,1703411,WTSell: SLR -  Other Olympus OM2n With 50mm 1.4 (Black),bweebs
showthread.php?t=1703409,1703409,WTSell: DSLR - Fuji Fujifilm XT2 (Black) - With Full Box accessories and warranty!,bweebs
showthread.php?t=1703408,1703408,WTSell: DSLR - Fuji Fujifilm XT2 (Black),bweebs
showthread.php?t=1703387,1703387,WTSell: DSLR - Fuji X-T2,joannajane
showthread.php?t=1703374,1703374,WTSell: DSLR - Fuji XT-2 Graphite Silver,thepoet
showthread.php?t=1703362,1703362,"WTSell: DSLR - Fuji FUJIFLIM XT1, XT1 GRAPHITE SILVER , ORIGINAL XT1 BATTERY GRIP , O",alexnikon
showthread.php?t=1703334,1703334,WTBuy: Compact - Panasonic FZ1000,aloy99
showthread.php?t=1703299,1703299,WTSell: MediumFormat - Fuji GFX50s +63mm $8800 local set,morgan tan
showthread.php?t=1703296,1703296,WTSell: MediumFormat - Mamiya Mamiya 6 with 75mm lens,snapx3
showthread.php?t=1703285,1703285,WTSell: DSLR - Fuji X-T10 (Black),aloy99
showthread.php?t=1703276,1703276,WTSell: DSLR - Leica SL + 24-90SL,adamdewilde
showthread.php?t=1703271,1703271,"WTSell: Rangefinder - Leica iii Nickel + Summar, year matching 1932",nicolasM
showthread.php?t=1703269,1703269,"WTSell: Rangefinder - Leica M3 DS, early number, 1954",nicolasM
showthread.php?t=1703268,1703268,"WTSell: Rangefinder - Leica M3 DS, early number, 1954",nicolasM
showthread.php?t=1703266,1703266,WTSell: MediumFormat - Hasselblad X1D 4116 Edition (black set w/45mm),adamdewilde
showthread.php?t=1703256,1703256,WTSell: SLR - Fujifilm X-T2 black,Ryou234
showthread.php?t=1703239,1703239,WTSell: Rangefinder - Leica M4-2,grocerybikes
showthread.php?t=1703228,1703228,WTSell: Compact - Fuji XT1(black) + XF 35mm f1.4,willdoang
showthread.php?t=1703191,1703191,WTSell: Rangefinder - Leica Q,InToTheRain
showthread.php?t=1703184,1703184,WTSell: Compact - Leica Leica TYP 114,quain
showthread.php?t=1703178,1703178,WTSell: MediumFormat - Fuji GFX 50S w 63mm f2.8 lens,SobaSze
showthread.php?t=1703176,1703176,WTSell: Compact - Fuji Fujifilm X-t10,ezaqelfie
showthread.php?t=1703169,1703169,WTSell: Rangefinder - Konica   Hexar RF Limited 50/1.2 Kit Unused !!,glass
showthread.php?t=1703161,1703161,WTSell: Compact - Leica X113 Chrome / Brown Like New !!,glass
showthread.php?t=1703154,1703154,WTSell: Compact - Leica Leica TYP 114,quain
showthread.php?t=1703148,1703148,WTSell: Compact - Panasonic DMC FZ1000,chuakimsiangjeremy
showthread.php?t=1703127,1703127,WTSell: Compact - Leica Leica X (typ113) Silver + Visoflex EVF Bundle,imstrong1992
showthread.php?t=1703124,1703124,WTSell: DSLR - Fuji Fujifilm X-T2 body only (black) XT2,direwolf104
showthread.php?t=1703101,1703101,"WTSell: Compact - Leica T camera body , cheap",akuaku
showthread.php?t=1703093,1703093,WTSell: MediumFormat - Silvestri Biacam II body,CNEOS1D
showthread.php?t=1703092,1703092,WTSell: MediumFormat - Hasselblad H4D 31 body and sensor,CNEOS1D
showthread.php?t=1703091,1703091,"WTSell: MediumFormat - Hasselblad 203FE with E12 magazine, waist Level Finder",CNEOS1D
showthread.php?t=1703077,1703077,WTSell: Rangefinder - Leica M6 non ttl,mambo ferido
showthread.php?t=1703062,1703062,WTSell: Rangefinder - Leica M6 crocodile skin / titanium,gtan
showthread.php?t=1703060,1703060,WTSell: Rangefinder - Leica Mp [film] olive green set with matching 50 lux,gtan
showthread.php?t=1703041,1703041,WTSell: Compact - Fuji X100s,blackelements
showthread.php?t=1703020,1703020,WTSell: Rangefinder -  Other Fuji XE1 and Fuji XM-1,ItsjustMe
showthread.php?t=1702999,1702999,WTSell: DSLR - Fuji Fuji XT2 black very mint conditions no user mark,harrykh
showthread.php?t=1702995,1702995,WTSell: MediumFormat - Phase One P45+ DIGITAL BACK COMPLETE WITH FOC AFDII BODY AND 3,mtc
showthread.php?t=1702994,1702994,WTSell: MediumFormat - BROOKS VERIWIDE 100 Body with 47mm Super Angulon SWA Lens (6x9,mtc
showthread.php?t=1702993,1702993,WTSell: Compact - Fuji X-E1 silver.,mtc
showthread.php?t=1702992,1702992,WTSell: Compact -  THETA S RICOH 360 degree camera,mtc
showthread.php?t=1702990,1702990,WTSell: SLR - Nikon F50 Film Body with 2 FOC lenses.,mtc
showthread.php?t=1702985,1702985,WTBuy: Compact - Fuji X-T10,ezaqelfie
showthread.php?t=1702977,1702977,WTSell: Rangefinder - Leica M-E (CCD sensor),vtsg04
showthread.php?t=1702969,1702969,WTSell: MediumFormat - Fuji WTS/WTT GFX50s with 63mm f2.8 cheap local warranty like n,morgan tan
showthread.php?t=1702966,1702966,WTSell: Compact - Fuji Fuji X100T Black,wkong
showthread.php?t=1702953,1702953,"WTBuy: DSLR - Fuji X pro 1 or 2, 18-55, 56mm, 35mm f2",kazaastank
showthread.php?t=1702940,1702940,WTSell: SLR - Leica R8,Jack Chen
showthread.php?t=1702915,1702915,WTSell: Rangefinder - Leica M2,Daniel Ong
showthread.php?t=1702893,1702893,WTSell: Rangefinder - Leica MP3 black paint RARE,haolong
showthread.php?t=1702868,1702868,WTSell: Compact - Leica T body (black),esoterica
showthread.php?t=1702864,1702864,WTSell: DSLR - Fuji Fuji XT2 with battery booster grip black,harrykh
showthread.php?t=1702845,1702845,WTSell: Compact - Leica X Vario (Type 107) Black,gregwklee
showthread.php?t=1702840,1702840,WTSell: MediumFormat - Contax Contax645 + 80/2 + film back,ckbezz
showthread.php?t=1702836,1702836,WTSell: Rangefinder - Epson RD-1x RARE MINT,ckbezz
showthread.php?t=1702835,1702835,WTSell: Rangefinder - Leica M2-R Rare! very good condition,ckbezz
showthread.php?t=1702819,1702819,WTSell: Compact - Fuji X100T,sbhpal
showthread.php?t=1702817,1702817,WTSell: Compact - Fuji Fuji X-Pro 2,Shinosizer
showthread.php?t=1702795,1702795,WTSell: Compact - Fuji X-T1 Graphite Silver,Zach Tan
showthread.php?t=1702794,1702794,WTSell: Compact - Fuji X-Pro 2,Zach Tan
showthread.php?t=1702787,1702787,WTSell: Compact -  GoPro GoPro Hero 4 (Silver) with accessories,garfywarfy84
showthread.php?t=1702780,1702780,WTSell: Compact - Leica Leica Q (Black),shoot78
showthread.php?t=1702716,1702716,WTSell: MediumFormat - Rollei/Rolleiflex 3.5F Planar,mw1986
showthread.php?t=1702704,1702704,WTSell: Rangefinder - Leica Leica T,kaerligheid
showthread.php?t=1702694,1702694,WTSell: Rangefinder - Fuji XT1(black) &amp; XF 35mm f1.4,willdoang
showthread.php?t=1702655,1702655,WTSell: DSLR - Fuji XT-2,mrgum
showthread.php?t=1702618,1702618,WTSell: Rangefinder - Leica M (Typ 240) Black Body Only,gregwklee
showthread.php?t=1702596,1702596,WTSell: Compact - Casio Exilim FR100,ZoeyTeng
showthread.php?t=1702593,1702593,WTSell: DSLR - Olympus OMD EM-1 MK1 Body + 12-40 f/2.8 Pro Lens + filter B+W 62 010,LawrenceTan
showthread.php?t=1702585,1702585,WTSell: DSLR - Fuji X-T20 body,Axiaolei
showthread.php?t=1702578,1702578,WTSell: MediumFormat - Bronica Bronica EC w Nikkor 75mm 2.8 lens,tzhenyang24
showthread.php?t=1702577,1702577,WTSell: Compact - Fuji X70 (Silver),anadivine
showthread.php?t=1702566,1702566,WTSell: DSLR - Fuji X-T1 and 23mm F2 WR,artofshuenalogy
showthread.php?t=1702537,1702537,WTSell: Compact - Fuji XT2,vvv8124
showthread.php?t=1702535,1702535,WTSell: Rangefinder - Leica Leica Q Full Set,liffeous
showthread.php?t=1702518,1702518,WTSell: Rangefinder - Leica M6 crocodile skin / titanium,gtan
showthread.php?t=1702517,1702517,WTSell: Rangefinder - Leica MP [film] olive green set with matching 50 lux,gtan
showthread.php?t=1702496,1702496,WTSell: DSLR - Fuji Fujifilm X-T2 body only (black) XT2,direwolf104
showthread.php?t=1702458,1702458,WTSell: Compact - Fuji XT2 | 16-55mm f2.8 | 18mm f2 | 35mm f1.4,mynameisj
showthread.php?t=1702453,1702453,WTSell: MediumFormat - Hasselblad SCW/Biogon,Victor7833
showthread.php?t=1702452,1702452,WTSell: MediumFormat - Hasselblad 500CM/80mm Lens,Victor7833
showthread.php?t=1702449,1702449,WTSell: Compact - Panasonic Panasonic DMC-TZ110,suollac
showthread.php?t=1702437,1702437,WTSell: Compact - Leica Leica X with EVF and more,imstrong1992
showthread.php?t=1702416,1702416,WTSell: MediumFormat - Hasselblad hasselblad 500cm kit,sprityuri
showthread.php?t=1702345,1702345,WTSell: Rangefinder - Fuji    X-Pro2 Graphite Edition with matching 23mm f2 lens + ex,monte
showthread.php?t=1702339,1702339,WTBuy: Compact - Sigma DP2 Merrill,Ananta
showthread.php?t=1702336,1702336,WTSell: Rangefinder - Leica M2,Daniel Ong
showthread.php?t=1702332,1702332,WTSell: Rangefinder - Leica Leica M9 (Brand New Sensor) &amp; Lenses,nyckylim
showthread.php?t=1702303,1702303,WTSell: Rangefinder -  Other        Fujifilm X70 (Black),Levis
showthread.php?t=1702279,1702279,WTSell: Rangefinder - Leica M10 Chrome,macster888
showthread.php?t=1702275,1702275,WTSell: DSLR - Fuji Fujifilm X-A3 with kit lens,pathfinder87
showthread.php?t=1702246,1702246,WTSell: Compact - Fuji Mint Black X-T20 + XF 18-55mm f/2.8-4 with accessories,suchaloser
showthread.php?t=1702240,1702240,WTBuy: Rangefinder - Leica M10,IMMUNE
showthread.php?t=1702239,1702239,WTSell: Compact - Fuji WTSell: Compact - Fuji X70 ( Silver - Mint),vanscafe
showthread.php?t=1702219,1702219,WTSell: DSLR - Fuji XT1,djimsum
showthread.php?t=1702217,1702217,WTSell: DSLR - Fuji X-T10 (Black),aloy99
showthread.php?t=1702216,1702216,WTSell: Compact - Samsung Samsung NX-300,panda
showthread.php?t=1702175,1702175,WTSell: Rangefinder - Voigtlander Voigtlander R4A,iloveyang
showthread.php?t=1702171,1702171,WTSell: Compact - Leica Leica Q,kiew23
showthread.php?t=1702145,1702145,WTSell: MediumFormat - Agilux  Agifold III (rangefinder),vascjw
showthread.php?t=1702144,1702144,WTSell: Rangefinder - Fed 2 + Jupiter 12,vascjw
showthread.php?t=1702143,1702143,WTSell: Rangefinder - Fuji GS645S,vascjw
showthread.php?t=1702122,1702122,WTSell: DSLR - Fuji X-T2 Graphite Silver,thepoet
showthread.php?t=1702120,1702120,WTSell: DSLR - Fuji Fuji XE-2 + XF 18-55mm,snapshooter
showthread.php?t=1702112,1702112,WTSell: Compact - Fuji Fujifilm X100T,attitudezarah
showthread.php?t=1702103,1702103,WTBuy: Compact - Panasonic TZ110,malmat
showthread.php?t=1702078,1702078,WTSell: Rangefinder - Fujifilm XF 10-24mm &amp; XE2 Body,shiosaki
showthread.php?t=1702073,1702073,WTSell: Compact - Fuji x70 (Brand new with warranty),gardna
showthread.php?t=1702065,1702065,WTSell: MediumFormat - Bronica Bronica SQ with 80mm lens full kit,waxwax
showthread.php?t=1702059,1702059,WTSell: Rangefinder - Leica Leica M6 0.72x classic,Nathaniel Lim
showthread.php?t=1702049,1702049,WTSell: DSLR - Fuji X-T20 + 16-50 F2.8/5.6,jsd523
showthread.php?t=1702017,1702017,WTSell: DSLR - Fuji X-T1 &amp; 23mm F2 WR,artofshuenalogy
showthread.php?t=1701995,1701995,WTSell: SLR - Nikon  F50 Film Body with FOC lenses.,mtc
showthread.php?t=1701986,1701986,"WTSell: DSLR - Fuji FUJIFLIM XT1 , ORIGINAL XT1 BATTERY GRIP , ORIGINAL XT2 HandGrip,",alexnikon
showthread.php?t=1701937,1701937,WTSell: DSLR - Fuji Fuji XT2 with battery boosters grip black,harrykh
showthread.php?t=1701924,1701924,WTSell: Compact - Fuji X-E1 silver in excellent condition.,mtc
showthread.php?t=1701923,1701923,WTSell: Compact - THETA S 360 degree camera,mtc
showthread.php?t=1701881,1701881,WTSell: DSLR - Fuji X-T10 (Black),aloy99
showthread.php?t=1701877,1701877,WTSell: Compact - Fuji X-T2 (Black),malkw
showthread.php?t=1701849,1701849,WTSell: Compact - Leica Leica X (typ113) Silver + Visoflex EVF Bundle,imstrong1992
showthread.php?t=1701809,1701809,WTSell: SLR -  Pentax   Program Plus with Pentax-A 50mm 1.7 - Near Mint,weihsuan
showthread.php?t=1701805,1701805,WTBuy: DSLR - Fuji XT20 + XF18-55mm,alxslw
showthread.php?t=1701786,1701786,WTSell: Compact - Fuji Fujifilm X100S,LifeInPhotons
showthread.php?t=1701732,1701732,WTSell: DSLR - Fuji x100t,FujiFan132
showthread.php?t=1701723,1701723,WTSell: DSLR - Fuji  X100T Black with extended warranty till 15 May 2019,ck2210
showthread.php?t=1701717,1701717,WTSell: Compact - Leica Leica Q (black),shoot78
showthread.php?t=1701691,1701691,WTSell: Compact - Fuji Fujifilm XT1 X-T1,kidosen
showthread.php?t=1701683,1701683,WTBuy: Compact - Fuji X-Pro 2,haxxor
showthread.php?t=1701679,1701679,WTSell: DSLR - Fuji Fuji XT2 with 18-55 ( with filter),jacktjk
showthread.php?t=1701659,1701659,WTSell: Compact - Fuji X70 ( Silver - Mint),vanscafe
showthread.php?t=1701642,1701642,WTSell: MediumFormat - Rollei/Rolleiflex 3.5F Planar,mw1986
showthread.php?t=1701609,1701609,WTSell: Rangefinder - Leica M8 (Black),Yow Chun Yin
showthread.php?t=1701598,1701598,WTSell: DSLR - Fuji X-T2,mrgum
showthread.php?t=1701596,1701596,WTSell: Rangefinder - Leica Leica X with EVF,imstrong1992
showthread.php?t=1701582,1701582,WTBuy: DSLR - Samsung NX500 + 20mm/2.8,magicshi
showthread.php?t=1701576,1701576,WTSell: DSLR - Fuji Fuji X-T10 (Silver),cwsss
showthread.php?t=1701552,1701552,WTSell: Compact - Fuji Fujifilm X-T20,qwertsun
showthread.php?t=1701546,1701546,WTBuy: Compact - Panasonic WTB : LX10 / LX15,vanscafe
showthread.php?t=1701527,1701527,WTSell: DSLR - Fuji X100T Black with extended warranty till 15 May 2019 (Price Reduce,ck2210
showthread.php?t=1701525,1701525,"WTSell: MediumFormat - Hasselblad 203FE and E12 back ,wirst level finder",CNEOS1D
showthread.php?t=1701524,1701524,WTSell: DSLR - Fuji Fuji XT-2 With Battery Booster Grip,harrykh
showthread.php?t=1701507,1701507,WTSell: Rangefinder - Leica Brand new Leica m60 stainless steel limited ed,morgan tan
showthread.php?t=1701485,1701485,WTSell: MediumFormat - Fuji GFX50s with 63mm f2.8  GF lens,SobaSze
showthread.php?t=1701482,1701482,WTSell: Compact - Fuji X100S + WCL X100 wide converter,LifeInPhotons
showthread.php?t=1701479,1701479,WTBuy: DSLR - Panasonic FZ2500,hdtvproductions
showthread.php?t=1701475,1701475,WTSell: Compact - Leica X Vario (Type 107) Black,gregwklee
showthread.php?t=1701472,1701472,WTSell: Rangefinder - Leica M (Typ 240) Black Body Only,gregwklee
showthread.php?t=1701462,1701462,WTSell: Rangefinder - Leica M Monochrom CCD Black,vtsg04
showthread.php?t=1701440,1701440,WTSell: Compact - Fuji Fuji X70 ( Silver - Mint),vanscafe
showthread.php?t=1701412,1701412,WTSell: DSLR - Fuji X100T Black with extended warranty till 15 May 2019 (Price Reduce,ck2210
showthread.php?t=1701374,1701374,WTSell: Compact - Fuji X100 Silver,LeGozt
showthread.php?t=1701355,1701355,WTSell: DSLR - Fuji Fuji X-T10 Body (Silver),basilng
showthread.php?t=1701342,1701342,WTSell: DSLR - Fuji X100T Black with extended warranty till 15 May 2019!,ck2210
showthread.php?t=1701329,1701329,WTSell: Rangefinder - Leica 2017 MP 0.72 Black + Acratech Quick Release Plate + Every,The Dry Box
showthread.php?t=1701215,1701215,WTSell: DSLR - Fuji X-T10 (Black),aloy99
showthread.php?t=1701208,1701208,WTSell: DSLR - Fuji X100T Black with extended warranty till 15 May 2019!,ck2210
showthread.php?t=1701201,1701201,WTSell: Compact - Fuji Mint Black X-T20 + XF 18-55mm f/2.8-4 with accessories,suchaloser
showthread.php?t=1701198,1701198,WTSell: DSLR - Fuji Fuji XT-2 With Battery Booster Grip,harrykh
showthread.php?t=1701188,1701188,"WTSell: SLR - Fujiflim Fujiflim XT-10 (Body, Silver)",creameri
showthread.php?t=1701180,1701180,WTSell: DSLR - Fuji Xt-2 (Black) with XF 18-55,neoro
showthread.php?t=1701172,1701172,WTSell: DSLR - Fuji X-T1 with Original Battery grip,predictio
showthread.php?t=1701169,1701169,WTSell: DSLR - Fuji XT-20 (Black) with XC 16-50mm Kit Lens,neoro
showthread.php?t=1701148,1701148,WTSell: Compact - Leica Leica X Silver (typ113) + EVF,imstrong1992
showthread.php?t=1701147,1701147,WTSell: DSLR - Fuji Black Fuji X70 &amp; WCL - X70,joefik
showthread.php?t=1701103,1701103,WTSell: DSLR -  Other Samsung NX mini body (Pink colour),lasercare
showthread.php?t=1701080,1701080,WTSell: DSLR - Fuji X-T10 (Silver),Matagula
showthread.php?t=1701068,1701068,WTBuy: Rangefinder - Hasselblad Xpan,pilonn555
showthread.php?t=1701062,1701062,WTSell: DSLR - Fuji * Super Mint * Fuji X100F Black with many accesories,katrob
showthread.php?t=1701060,1701060,WTSell: DSLR - Fuji  X100T Black with extended warranty till 15 May 2019!,ck2210
showthread.php?t=1701040,1701040,"WTSell: Compact -  Other Samsung NX1000 , cheap",akuaku
showthread.php?t=1701036,1701036,WTSell: DSLR - Fuji Fuji X70 (Black),cardinglibag
showthread.php?t=1701018,1701018,WTSell: DSLR - Fuji X-T10 body,jsd523
showthread.php?t=1701007,1701007,WTSell: DSLR - Fuji XE-2,snapshooter
showthread.php?t=1700921,1700921,WTSell: Rangefinder - Leica M6 Classic Silver,simonchow
showthread.php?t=1700912,1700912,WTSell: DSLR - Fuji XT2 + Lens,icecy
showthread.php?t=1700880,1700880,WTSell: DSLR - Fuji X-T20 Silver,followandsnap
showthread.php?t=1700856,1700856,WTSell: DSLR - Fuji Fujifilm X-T2 [Price Reduced],Juristium
showthread.php?t=1700848,1700848,WTSell: DSLR - Fuji X-T1 + 23mm F2 WR,artofshuenalogy
showthread.php?t=1700844,1700844,WTSell: Compact - Leica Q,Csherlyn
showthread.php?t=1700841,1700841,WTSell: Rangefinder -  Other   Fujifilm X70 (Black),Levis
showthread.php?t=1700838,1700838,WTSell: DSLR - Fuji Fujifilm X-A10 + XC16-50mm kit lens,ayatokamina
showthread.php?t=1700825,1700825,WTSell: DSLR - Fuji X100T Black with extended warranty till 15 May 2019,ck2210
showthread.php?t=1700792,1700792,WTSell: DSLR - Fuji Fujifilm X-T2,Juristium
showthread.php?t=1700791,1700791,WTSell: DSLR - Fuji Fujifilm X-Pro2,Juristium
showthread.php?t=1700761,1700761,WTSell: Compact - Fuji XE-1 (Silver),Jedi
showthread.php?t=1700752,1700752,WTSell: Compact - Fuji Fuji X-T20 silver with 35mm 1.4,EarvinPaul
showthread.php?t=1700749,1700749,WTSell: Rangefinder -  Other Canon Canonet QL19,aloy99
showthread.php?t=1700726,1700726,WTBuy: DSLR - Fuji X-T20,JSeah
showthread.php?t=1700716,1700716,WTSell: Rangefinder - Leica Leica M-D (the Digital/Film Leica!),JeremyT
showthread.php?t=1700708,1700708,WTSell: Compact - Fuji Fujifilm X-E2 with Kit Lens,abc1def2ghi3
showthread.php?t=1700694,1700694,WTSell: Compact - Panasonic Lumix DMC-FZ2500,Mogwai6170
showthread.php?t=1700691,1700691,WTSell: Rangefinder - Leica M4 Black Chrome with Leicameter MR-4 Black - Boxed,FilmMeBoy
showthread.php?t=1700685,1700685,WTSell: Compact - Fuji X100F,gainsucker
showthread.php?t=1700684,1700684,WTSell: Compact - Fuji X100F,gainsucker
showthread.php?t=1700630,1700630,WTSell: Compact - Leica Leica X typ113 Silver + EVF,imstrong1992
showthread.php?t=1700618,1700618,WTSell: Compact - Fuji SQ10,moodyvamp
showthread.php?t=1700573,1700573,WTSell: Rangefinder -  Other   Fujifilm X70 (Black),Levis
showthread.php?t=1700533,1700533,WTBuy: MediumFormat - Hasselblad CFV-50C Digital Back,dickmann88
showthread.php?t=1700510,1700510,WTSell: DSLR - Fuji X-E2 Black,aloy99
showthread.php?t=1700449,1700449,WTSell: DSLR - Fuji Black X100T with 18 months warranty,ck2210
showthread.php?t=1700448,1700448,WTSell: Compact - Fuji X100T,azmi77
showthread.php?t=1700441,1700441,WTSell: Compact - Fuji Fujifilm X100T black,muoitranduc
showthread.php?t=1700424,1700424,WTSell: DSLR - Fuji X-Pro 1 Body,Granialchia
showthread.php?t=1700394,1700394,WTSell: Rangefinder - Leica M7 Silver,ribet08
showthread.php?t=1700393,1700393,WTSell: DSLR - Leica M240 + handgrip,ribet08
showthread.php?t=1700388,1700388,WTSell: DSLR - Fuji Fuji xt 10 body (Black),zaine31
showthread.php?t=1700387,1700387,WTSell: Rangefinder - Fuji x100f (Silver),tonychua
showthread.php?t=1700372,1700372,WTSell: Compact - Leica Leica X typ113 Silver + Visoflex EVF,imstrong1992
showthread.php?t=1700362,1700362,WTBuy: DSLR - Fuji X-T10 (Body),vascjw
showthread.php?t=1700335,1700335,WTSell: MediumFormat - Seagull seagull TLR 4,helmet0004
showthread.php?t=1700333,1700333,WTSell: Rangefinder - Leica M240 silver like new,morgan tan
showthread.php?t=1700332,1700332,WTSell: DSLR - Leica SL Body with 24-90mm like new,morgan tan
showthread.php?t=1700323,1700323,WTSell: Rangefinder - Leica M2,Daniel Ong
showthread.php?t=1700313,1700313,WTSell: Rangefinder - Leica SL Package - Read Post,Far far away
showthread.php?t=1700307,1700307,WTSell: Rangefinder -  Other    Fujifilm X70 (Black),Levis
showthread.php?t=1700304,1700304,WTSell: DSLR - Fuji Xt2 and xpro 2,ribet08
showthread.php?t=1700289,1700289,WTBuy: MediumFormat - Mamiya Looking for Mamiya 7ii + lens,wabisabi
showthread.php?t=1700276,1700276,WTSell: DSLR - Fuji  X100T  Black,ck2210
showthread.php?t=1700237,1700237,WTSell: DSLR - Fuji X Pro-1 Body (MINT),Samxiao
showthread.php?t=1700231,1700231,WTSell: Compact - Fuji Fuji Mint Black X-T20 + XF 18-55mm f/2.8-4 with accessories,suchaloser
showthread.php?t=1700217,1700217,WTSell: DSLR - Ricoh  Theta S with waterproof case,geekylicious
showthread.php?t=1700216,1700216,WTSell: SLR - Leica Vintage Leica R7,alecting
showthread.php?t=1700198,1700198,WTSell: MediumFormat - Rollei/Rolleiflex 3.5F Planar,mw1986
showthread.php?t=1700197,1700197,WTBuy: DSLR - Fuji Fujifilm X-T20 Body Black,Hahachao
showthread.php?t=1700196,1700196,WTSell: DSLR - Fuji Fujifilm X-T1 Black Body,tjwei
showthread.php?t=1700189,1700189,WTSell: DSLR - Fuji X-T1,mattseah
showthread.php?t=1700181,1700181,WTSell: Compact - Panasonic LUMIX DMC-FZ2500,Mogwai6170
showthread.php?t=1700160,1700160,WTSell: Rangefinder - Leica Rangefinder - Leica Leica M-D (the Digital/Film Leica!),JeremyT
showthread.php?t=1700150,1700150,WTSell: DSLR - Fuji FUJIFILM mirrorless X-T2 (Graphite Silver) Body,Ginseng
showthread.php?t=1700144,1700144,WTSell: DSLR - Fuji X-T1 + 23mm F2 WR,artofshuenalogy
showthread.php?t=1700141,1700141,WTSell: SLR - Nikon Nikon FM2,indieache
showthread.php?t=1700130,1700130,WTSell: Compact - Fuji Fujifilm X-T1 with 18-55 f2.8-4 OS lens,andy2013
showthread.php?t=1700121,1700121,WTSell: Compact - Fuji X70 black set with local warranty,Gizmo
showthread.php?t=1700119,1700119,WTSell: DSLR - Fuji X100T Black,ck2210
showthread.php?t=1700089,1700089,WTSell: Compact - Leica X1 Steel Grey,mtc
showthread.php?t=1700088,1700088,WTSell: Compact - THETA S 360 CAMERA BY RICOH,mtc
showthread.php?t=1700087,1700087,WTSell: Compact - Fuji X-E1 silver in excellent working condition.,mtc
showthread.php?t=1700029,1700029,WTSell: Rangefinder - Leica M6 Titanium,edftwin
showthread.php?t=1700023,1700023,WTBuy: Rangefinder - Fujifilm X-M1 or X-E1 (Body only),vascjw
showthread.php?t=1699999,1699999,WTSell: Compact - Leica Leica X (typ113) Silver + Visoflex EVF Bundle,imstrong1992
showthread.php?t=1699991,1699991,WTSell: DSLR - Please select brand Samsung NX500 + 3 Lenese,twotwotang
showthread.php?t=1699949,1699949,WTSell: SLR - Nikon KIEB 60 + 4 Lenese,glamourfang
showthread.php?t=1699931,1699931,WTSell: DSLR - Fuji Fuji XT2 (black) + XF 16-55mm f/2.8 R LM WR,bethpapa74
showthread.php?t=1699924,1699924,WTSell: Compact - Fuji XT 1 full box,sogood
showthread.php?t=1699920,1699920,WTBuy: MediumFormat - Hasselblad 2000 series camera,sweat100
showthread.php?t=1699892,1699892,"WTSell: MediumFormat - Hasselblad 203 FE Millenium, E12 Back Millenium, PM-90 finder",OM4
showthread.php?t=1699857,1699857,WTSell: Compact - Panasonic FZ1000,willdoang
showthread.php?t=1699817,1699817,WTSell: DSLR - Fuji FUJIFILM mirrorless X-T2 Graphite Body,Ginseng
showthread.php?t=1699728,1699728,WTSell: DSLR - Fuji Fujifilm X-E1 Silver Bundle,nAsLiMe
showthread.php?t=1699720,1699720,WTSell: SLR - Contax RTS III,fuwen
showthread.php?t=1699526,1699526,WTSell: Rangefinder - Leica M (Typ 240) Black Body Only,gregwklee
showthread.php?t=1699472,1699472,WTSell: Compact - Panasonic FZ1000,willdoang
showthread.php?t=1699418,1699418,WTSell: Compact - Fuji X-E3 full box Mint condition,ckbezz
showthread.php?t=1699400,1699400,WTSell: MediumFormat - Fuji GFX with 63mm f2.8 kit CHEAPEST,ckbezz
showthread.php?t=1699230,1699230,WTSell: Compact - Fuji X-Pro2 / X-T2,Yow Chun Yin
showthread.php?t=1699173,1699173,WTSell: Rangefinder - Leica 2017 MP 0.72 Black + Acratech Quick Release Plate + Every,The Dry Box
showthread.php?t=1698754,1698754,WTSell: Compact - Fuji XM1 (Black) + Minolta 35mm 2.8,ItsjustMe
showthread.php?t=1698688,1698688,WTSell: DSLR - Fuji X-Pro 1 Body,Granialchia
showthread.php?t=1698543,1698543,WTSell: Compact - Leica LEICA V-LUX (TYP 114) BLACK,WesleySM
showthread.php?t=1698410,1698410,WTSell: DSLR - Fuji X-T20 body,jsd523
showthread.php?t=1697926,1697926,WTSell: DSLR - Fuji X-E2 with 18mm f2,Ianaya
showthread.php?t=1696930,1696930,WTSell: Compact - Leica X Vario (Type 107) Black,gregwklee
showthread.php?t=1696811,1696811,WTSell: DSLR - Fuji X-T10 (Silver),Matagula
showthread.php?t=1696463,1696463,WTSell: DSLR - Fuji Fuji X-T10 (silver),SG chao
showthread.php?t=1693381,1693381,"WTSell: MediumFormat - Hasselblad 203 FE Millenium, E12 Back Millenium, PM-90 finder",OM4
showthread.php?t=1688546,1688546,WTSell: Compact - Fuji Fujifilm EXR800 compact camera,kababoom
showthread.php?t=1684949,1684949,"WTSell: MediumFormat - Hasselblad 203 FE Millenium, E12 Back Millenium, PM-90 finder",OM4
showthread.php?t=1683416,1683416,WTSell: MediumFormat - Polaroid  lot of 600 cameras,wahgongzai
showthread.php?t=1672720,1672720,WTSell: MediumFormat - Fuji Fuji GX680 III,anta40
showthread.php?t=1496179,1496179,WTSell: DSLR - Fuji XM1 body + touit 12mm,dniwkh
link,thread_id,title,username
showthread.php?t=1553812&s=d0cfc196be7fb6306f55a92803227a4d,1553812,Guidelines for Buy & Sell threads/posts (Updated - 2015),Octarine
showthread.php?t=1392881&s=d0cfc196be7fb6306f55a92803227a4d,1392881,Resellers of Leica or any other brands - sign up as advertisers,nightwolf75
showthread.php?t=1363062&s=d0cfc196be7fb6306f55a92803227a4d,1363062,Pls READ - Unfilled Warranty Card (NO USE),daredevil123
showthread.php?t=926738&s=d0cfc196be7fb6306f55a92803227a4d,926738,Illegal mass sellers of Polariod/Instant film - Be Warned...,nightwolf75
showthread.php?t=1704039&s=d0cfc196be7fb6306f55a92803227a4d,1704039,WTSell: Rangefinder - Leica Leica T with Super-Vario-Elmar 11-23mm and LM/LT adapter,nutek
showthread.php?t=1704029&s=d0cfc196be7fb6306f55a92803227a4d,1704029,WTSell: Compact - Fuji X-T20 with 16-50mm Lens with warranty,fujix10user
showthread.php?t=1704019&s=d0cfc196be7fb6306f55a92803227a4d,1704019,WTSell: DSLR - Fuji XT-2 Graphite Silver,thepoet
showthread.php?t=1704006&s=d0cfc196be7fb6306f55a92803227a4d,1704006,"WTSell: Compact - Leica X Typ 113,  cheap",akuaku
showthread.php?t=1703984&s=d0cfc196be7fb6306f55a92803227a4d,1703984,WTSell: Compact - Fuji X100T,soocs
showthread.php?t=1703976&s=d0cfc196be7fb6306f55a92803227a4d,1703976,WTSell: MediumFormat - Phase One P45+ DIGITAL BACK COMPLETE WITH AFDII BODY AND 3 LEN,mtc
showthread.php?t=1703972&s=d0cfc196be7fb6306f55a92803227a4d,1703972,WTSell: MediumFormat -  COLLECTIBLE BROOKS VERIWIDE 100 Body with 47mm Super Angulon,mtc
showthread.php?t=1703971&s=d0cfc196be7fb6306f55a92803227a4d,1703971,WTSell: Compact - Fuji X-E1 silver,mtc
showthread.php?t=1703970&s=d0cfc196be7fb6306f55a92803227a4d,1703970,WTSell: SLR - Nikon F50 Film Body with 2 FOC lenses.,mtc
showthread.php?t=1703969&s=d0cfc196be7fb6306f55a92803227a4d,1703969,WTSell: Compact -  THETA S RICOH 360,mtc
showthread.php?t=1703968&s=d0cfc196be7fb6306f55a92803227a4d,1703968,WTSell: Compact - Panasonic Lumix DMC-FZ300 (all-round bridge camera),Fable
showthread.php?t=1703963&s=d0cfc196be7fb6306f55a92803227a4d,1703963,WTSell: DSLR - Fuji Fujifilm X-T10 (Selling Cheap),ezaqelfie
showthread.php?t=1703960&s=d0cfc196be7fb6306f55a92803227a4d,1703960,WTSell: DSLR - Fuji X-T2 Body (Black) with Warranty,Nauxz
showthread.php?t=1703951&s=d0cfc196be7fb6306f55a92803227a4d,1703951,WTSell: Compact - Fuji Fujifilm X100S,LifeInPhotons
showthread.php?t=1703947&s=d0cfc196be7fb6306f55a92803227a4d,1703947,WTSell: Rangefinder - Leica M7 ostrich and m6 big logo,ribet08
showthread.php?t=1703946&s=d0cfc196be7fb6306f55a92803227a4d,1703946,WTSell: DSLR - Leica CL body only,ribet08
showthread.php?t=1703903&s=d0cfc196be7fb6306f55a92803227a4d,1703903,WTSell: Compact - Leica Q Limited Edition Red Camo (No. 5/20) with accessories,Oshkosh
showthread.php?t=1703890&s=d0cfc196be7fb6306f55a92803227a4d,1703890,WTSell: Rangefinder - Leica M10 Black,adamdewilde
showthread.php?t=1703877&s=d0cfc196be7fb6306f55a92803227a4d,1703877,WTSell: MediumFormat - Hasselblad SWC 903 black,cchsieh
showthread.php?t=1703869&s=d0cfc196be7fb6306f55a92803227a4d,1703869,WTSell: Compact - Fuji X-Pro 2,Shinosizer
showthread.php?t=1703854&s=d0cfc196be7fb6306f55a92803227a4d,1703854,WTSell: Compact - Leica TL2 Body Only with Strap lugs,nethkoh
showthread.php?t=1703844&s=d0cfc196be7fb6306f55a92803227a4d,1703844,WTSell: Rangefinder - Leica Q (black),MrCephas
showthread.php?t=1703839&s=d0cfc196be7fb6306f55a92803227a4d,1703839,WTSell: SLR - Pentax  Program Plus with Pentax-A 50mm 1.7 - Near Mint,weihsuan
showthread.php?t=1703838&s=d0cfc196be7fb6306f55a92803227a4d,1703838,WTSell: Compact - Casio Exilim FR100,ZoeyTeng
showthread.php?t=1703827&s=d0cfc196be7fb6306f55a92803227a4d,1703827,WTBuy: MediumFormat - Pentacon Six Pentacon six,AussieBarracuda
showthread.php?t=1703815&s=d0cfc196be7fb6306f55a92803227a4d,1703815,WTSell: Rangefinder - Leica Q,InToTheRain
showthread.php?t=1703810&s=d0cfc196be7fb6306f55a92803227a4d,1703810,WTSell: Compact - Fuji X-T2 (black),Yow Chun Yin
showthread.php?t=1703795&s=d0cfc196be7fb6306f55a92803227a4d,1703795,WTSell: Compact - Leica Q Limited Edition Red Camo (No. 5/20) with accessories,Oshkosh
showthread.php?t=1703770&s=d0cfc196be7fb6306f55a92803227a4d,1703770,WTSell: Compact - Fuji FUJIFILM XA10 + KIT LENS,37thframe
showthread.php?t=1703713&s=d0cfc196be7fb6306f55a92803227a4d,1703713,WTSell: Rangefinder - Leica Leica M-P (Typ 240) Black,Harasu
showthread.php?t=1703704,1703704,WTSell: MediumFormat - Rollei/Rolleiflex 3.5F Planar,mw1986
showthread.php?t=1703675,1703675,WTSell: DSLR - Fuji X-T2 Body (Black) with MHG-XT2 Metal Hand Grip and Warranty,Nauxz
showthread.php?t=1703659,1703659,WTSell: Compact - Fuji XE-1 (Silver),Jedi
showthread.php?t=1703627,1703627,WTBuy: Compact - Fuji X100F (Black),spitfire93
showthread.php?t=1703588,1703588,WTSell: Compact - Fuji Fujifilm X-T10,ezaqelfie
showthread.php?t=1703586,1703586,WTSell: Compact - Leica Leica X (typ113) with BNIB Visoflex EVF,imstrong1992
showthread.php?t=1703568,1703568,WTSell: DSLR - Fuji XT1,djimsum
showthread.php?t=1703489,1703489,WTSell: Compact - Leica Q (Black),shoot78
showthread.php?t=1703487,1703487,WTSell: Compact - Leica V Lux 20,gregwklee
showthread.php?t=1703482,1703482,WTSell: Compact - Fuji Pinepix XP200,gregwklee
showthread.php?t=1703479,1703479,WTSell: Compact - Fuji X-Pro 2 with 23mm F2 and Godox Flash (Wireless),ringrain78
showthread.php?t=1703472,1703472,WTSell: DSLR - Fuji X-T2 Body (Black),Ryde
showthread.php?t=1703448,1703448,WTSell: Compact - Fuji XT2 and 18mm f2,mynameisj
showthread.php?t=1703438,1703438,WTBuy: Rangefinder - Hasselblad  Xpan,pilonn555
showthread.php?t=1703411,1703411,WTSell: SLR -  Other Olympus OM2n With 50mm 1.4 (Black),bweebs
showthread.php?t=1703409,1703409,WTSell: DSLR - Fuji Fujifilm XT2 (Black) - With Full Box accessories and warranty!,bweebs
showthread.php?t=1703408,1703408,WTSell: DSLR - Fuji Fujifilm XT2 (Black),bweebs
showthread.php?t=1703387,1703387,WTSell: DSLR - Fuji X-T2,joannajane
showthread.php?t=1703374,1703374,WTSell: DSLR - Fuji XT-2 Graphite Silver,thepoet
showthread.php?t=1703362,1703362,"WTSell: DSLR - Fuji FUJIFLIM XT1, XT1 GRAPHITE SILVER , ORIGINAL XT1 BATTERY GRIP , O",alexnikon
showthread.php?t=1703334,1703334,WTBuy: Compact - Panasonic FZ1000,aloy99
showthread.php?t=1703299,1703299,WTSell: MediumFormat - Fuji GFX50s +63mm $8800 local set,morgan tan
showthread.php?t=1703296,1703296,WTSell: MediumFormat - Mamiya Mamiya 6 with 75mm lens,snapx3
showthread.php?t=1703285,1703285,WTSell: DSLR - Fuji X-T10 (Black),aloy99
showthread.php?t=1703276,1703276,WTSell: DSLR - Leica SL + 24-90SL,adamdewilde
showthread.php?t=1703271,1703271,"WTSell: Rangefinder - Leica iii Nickel + Summar, year matching 1932",nicolasM
showthread.php?t=1703269,1703269,"WTSell: Rangefinder - Leica M3 DS, early number, 1954",nicolasM
showthread.php?t=1703268,1703268,"WTSell: Rangefinder - Leica M3 DS, early number, 1954",nicolasM
showthread.php?t=1703266,1703266,WTSell: MediumFormat - Hasselblad X1D 4116 Edition (black set w/45mm),adamdewilde
showthread.php?t=1703256,1703256,WTSell: SLR - Fujifilm X-T2 black,Ryou234
showthread.php?t=1703239,1703239,WTSell: Rangefinder - Leica M4-2,grocerybikes
showthread.php?t=1703228,1703228,WTSell: Compact - Fuji XT1(black) + XF 35mm f1.4,willdoang
showthread.php?t=1703191,1703191,WTSell: Rangefinder - Leica Q,InToTheRain
showthread.php?t=1703184,1703184,WTSell: Compact - Leica Leica TYP 114,quain
showthread.php?t=1703178,1703178,WTSell: MediumFormat - Fuji GFX 50S w 63mm f2.8 lens,SobaSze
showthread.php?t=1703176,1703176,WTSell: Compact - Fuji Fujifilm X-t10,ezaqelfie
showthread.php?t=1703169,1703169,WTSell: Rangefinder - Konica   Hexar RF Limited 50/1.2 Kit Unused !!,glass
showthread.php?t=1703161,1703161,WTSell: Compact - Leica X113 Chrome / Brown Like New !!,glass
showthread.php?t=1703154,1703154,WTSell: Compact - Leica Leica TYP 114,quain
showthread.php?t=1703148,1703148,WTSell: Compact - Panasonic DMC FZ1000,chuakimsiangjeremy
showthread.php?t=1703127,1703127,WTSell: Compact - Leica Leica X (typ113) Silver + Visoflex EVF Bundle,imstrong1992
showthread.php?t=1703124,1703124,WTSell: DSLR - Fuji Fujifilm X-T2 body only (black) XT2,direwolf104
showthread.php?t=1703101,1703101,"WTSell: Compact - Leica T camera body , cheap",akuaku
showthread.php?t=1703093,1703093,WTSell: MediumFormat - Silvestri Biacam II body,CNEOS1D
showthread.php?t=1703092,1703092,WTSell: MediumFormat - Hasselblad H4D 31 body and sensor,CNEOS1D
showthread.php?t=1703091,1703091,"WTSell: MediumFormat - Hasselblad 203FE with E12 magazine, waist Level Finder",CNEOS1D
showthread.php?t=1703077,1703077,WTSell: Rangefinder - Leica M6 non ttl,mambo ferido
showthread.php?t=1703062,1703062,WTSell: Rangefinder - Leica M6 crocodile skin / titanium,gtan
showthread.php?t=1703060,1703060,WTSell: Rangefinder - Leica Mp [film] olive green set with matching 50 lux,gtan
showthread.php?t=1703041,1703041,WTSell: Compact - Fuji X100s,blackelements
showthread.php?t=1703020,1703020,WTSell: Rangefinder -  Other Fuji XE1 and Fuji XM-1,ItsjustMe
showthread.php?t=1702999,1702999,WTSell: DSLR - Fuji Fuji XT2 black very mint conditions no user mark,harrykh
showthread.php?t=1702995,1702995,WTSell: MediumFormat - Phase One P45+ DIGITAL BACK COMPLETE WITH FOC AFDII BODY AND 3,mtc
showthread.php?t=1702994,1702994,WTSell: MediumFormat - BROOKS VERIWIDE 100 Body with 47mm Super Angulon SWA Lens (6x9,mtc
showthread.php?t=1702993,1702993,WTSell: Compact - Fuji X-E1 silver.,mtc
showthread.php?t=1702992,1702992,WTSell: Compact -  THETA S RICOH 360 degree camera,mtc
showthread.php?t=1702990,1702990,WTSell: SLR - Nikon F50 Film Body with 2 FOC lenses.,mtc
showthread.php?t=1702985,1702985,WTBuy: Compact - Fuji X-T10,ezaqelfie
showthread.php?t=1702977,1702977,WTSell: Rangefinder - Leica M-E (CCD sensor),vtsg04
showthread.php?t=1702969,1702969,WTSell: MediumFormat - Fuji WTS/WTT GFX50s with 63mm f2.8 cheap local warranty like n,morgan tan
showthread.php?t=1702966,1702966,WTSell: Compact - Fuji Fuji X100T Black,wkong
showthread.php?t=1702953,1702953,"WTBuy: DSLR - Fuji X pro 1 or 2, 18-55, 56mm, 35mm f2",kazaastank
showthread.php?t=1702940,1702940,WTSell: SLR - Leica R8,Jack Chen
showthread.php?t=1702915,1702915,WTSell: Rangefinder - Leica M2,Daniel Ong
showthread.php?t=1702893,1702893,WTSell: Rangefinder - Leica MP3 black paint RARE,haolong
showthread.php?t=1702868,1702868,WTSell: Compact - Leica T body (black),esoterica
showthread.php?t=1702864,1702864,WTSell: DSLR - Fuji Fuji XT2 with battery booster grip black,harrykh
showthread.php?t=1702845,1702845,WTSell: Compact - Leica X Vario (Type 107) Black,gregwklee
showthread.php?t=1702840,1702840,WTSell: MediumFormat - Contax Contax645 + 80/2 + film back,ckbezz
showthread.php?t=1702836,1702836,WTSell: Rangefinder - Epson RD-1x RARE MINT,ckbezz
showthread.php?t=1702835,1702835,WTSell: Rangefinder - Leica M2-R Rare! very good condition,ckbezz
showthread.php?t=1702819,1702819,WTSell: Compact - Fuji X100T,sbhpal
showthread.php?t=1702817,1702817,WTSell: Compact - Fuji Fuji X-Pro 2,Shinosizer
showthread.php?t=1702795,1702795,WTSell: Compact - Fuji X-T1 Graphite Silver,Zach Tan
showthread.php?t=1702794,1702794,WTSell: Compact - Fuji X-Pro 2,Zach Tan
showthread.php?t=1702787,1702787,WTSell: Compact -  GoPro GoPro Hero 4 (Silver) with accessories,garfywarfy84
showthread.php?t=1702780,1702780,WTSell: Compact - Leica Leica Q (Black),shoot78
showthread.php?t=1702716,1702716,WTSell: MediumFormat - Rollei/Rolleiflex 3.5F Planar,mw1986
showthread.php?t=1702704,1702704,WTSell: Rangefinder - Leica Leica T,kaerligheid
showthread.php?t=1702694,1702694,WTSell: Rangefinder - Fuji XT1(black) &amp; XF 35mm f1.4,willdoang
showthread.php?t=1702655,1702655,WTSell: DSLR - Fuji XT-2,mrgum
showthread.php?t=1702618,1702618,WTSell: Rangefinder - Leica M (Typ 240) Black Body Only,gregwklee
showthread.php?t=1702596,1702596,WTSell: Compact - Casio Exilim FR100,ZoeyTeng
showthread.php?t=1702593,1702593,WTSell: DSLR - Olympus OMD EM-1 MK1 Body + 12-40 f/2.8 Pro Lens + filter B+W 62 010,LawrenceTan
showthread.php?t=1702585,1702585,WTSell: DSLR - Fuji X-T20 body,Axiaolei
showthread.php?t=1702578,1702578,WTSell: MediumFormat - Bronica Bronica EC w Nikkor 75mm 2.8 lens,tzhenyang24
showthread.php?t=1702577,1702577,WTSell: Compact - Fuji X70 (Silver),anadivine
showthread.php?t=1702566,1702566,WTSell: DSLR - Fuji X-T1 and 23mm F2 WR,artofshuenalogy
showthread.php?t=1702537,1702537,WTSell: Compact - Fuji XT2,vvv8124
showthread.php?t=1702535,1702535,WTSell: Rangefinder - Leica Leica Q Full Set,liffeous
showthread.php?t=1702518,1702518,WTSell: Rangefinder - Leica M6 crocodile skin / titanium,gtan
showthread.php?t=1702517,1702517,WTSell: Rangefinder - Leica MP [film] olive green set with matching 50 lux,gtan
showthread.php?t=1702496,1702496,WTSell: DSLR - Fuji Fujifilm X-T2 body only (black) XT2,direwolf104
showthread.php?t=1702458,1702458,WTSell: Compact - Fuji XT2 | 16-55mm f2.8 | 18mm f2 | 35mm f1.4,mynameisj
showthread.php?t=1702453,1702453,WTSell: MediumFormat - Hasselblad SCW/Biogon,Victor7833
showthread.php?t=1702452,1702452,WTSell: MediumFormat - Hasselblad 500CM/80mm Lens,Victor7833
showthread.php?t=1702449,1702449,WTSell: Compact - Panasonic Panasonic DMC-TZ110,suollac
showthread.php?t=1702437,1702437,WTSell: Compact - Leica Leica X with EVF and more,imstrong1992
showthread.php?t=1702416,1702416,WTSell: MediumFormat - Hasselblad hasselblad 500cm kit,sprityuri
showthread.php?t=1702345,1702345,WTSell: Rangefinder - Fuji    X-Pro2 Graphite Edition with matching 23mm f2 lens + ex,monte
showthread.php?t=1702339,1702339,WTBuy: Compact - Sigma DP2 Merrill,Ananta
showthread.php?t=1702336,1702336,WTSell: Rangefinder - Leica M2,Daniel Ong
showthread.php?t=1702332,1702332,WTSell: Rangefinder - Leica Leica M9 (Brand New Sensor) &amp; Lenses,nyckylim
showthread.php?t=1702303,1702303,WTSell: Rangefinder -  Other        Fujifilm X70 (Black),Levis
showthread.php?t=1702279,1702279,WTSell: Rangefinder - Leica M10 Chrome,macster888
showthread.php?t=1702275,1702275,WTSell: DSLR - Fuji Fujifilm X-A3 with kit lens,pathfinder87
showthread.php?t=1702246,1702246,WTSell: Compact - Fuji Mint Black X-T20 + XF 18-55mm f/2.8-4 with accessories,suchaloser
showthread.php?t=1702240,1702240,WTBuy: Rangefinder - Leica M10,IMMUNE
showthread.php?t=1702239,1702239,WTSell: Compact - Fuji WTSell: Compact - Fuji X70 ( Silver - Mint),vanscafe
showthread.php?t=1702219,1702219,WTSell: DSLR - Fuji XT1,djimsum
showthread.php?t=1702217,1702217,WTSell: DSLR - Fuji X-T10 (Black),aloy99
showthread.php?t=1702216,1702216,WTSell: Compact - Samsung Samsung NX-300,panda
showthread.php?t=1702175,1702175,WTSell: Rangefinder - Voigtlander Voigtlander R4A,iloveyang
showthread.php?t=1702171,1702171,WTSell: Compact - Leica Leica Q,kiew23
showthread.php?t=1702145,1702145,WTSell: MediumFormat - Agilux  Agifold III (rangefinder),vascjw
showthread.php?t=1702144,1702144,WTSell: Rangefinder - Fed 2 + Jupiter 12,vascjw
showthread.php?t=1702143,1702143,WTSell: Rangefinder - Fuji GS645S,vascjw
showthread.php?t=1702122,1702122,WTSell: DSLR - Fuji X-T2 Graphite Silver,thepoet
showthread.php?t=1702120,1702120,WTSell: DSLR - Fuji Fuji XE-2 + XF 18-55mm,snapshooter
showthread.php?t=1702112,1702112,WTSell: Compact - Fuji Fujifilm X100T,attitudezarah
showthread.php?t=1702103,1702103,WTBuy: Compact - Panasonic TZ110,malmat
showthread.php?t=1702078,1702078,WTSell: Rangefinder - Fujifilm XF 10-24mm &amp; XE2 Body,shiosaki
showthread.php?t=1702073,1702073,WTSell: Compact - Fuji x70 (Brand new with warranty),gardna
showthread.php?t=1702065,1702065,WTSell: MediumFormat - Bronica Bronica SQ with 80mm lens full kit,waxwax
showthread.php?t=1702059,1702059,WTSell: Rangefinder - Leica Leica M6 0.72x classic,Nathaniel Lim
showthread.php?t=1702049,1702049,WTSell: DSLR - Fuji X-T20 + 16-50 F2.8/5.6,jsd523
showthread.php?t=1702017,1702017,WTSell: DSLR - Fuji X-T1 &amp; 23mm F2 WR,artofshuenalogy
showthread.php?t=1701995,1701995,WTSell: SLR - Nikon  F50 Film Body with FOC lenses.,mtc
showthread.php?t=1701986,1701986,"WTSell: DSLR - Fuji FUJIFLIM XT1 , ORIGINAL XT1 BATTERY GRIP , ORIGINAL XT2 HandGrip,",alexnikon
showthread.php?t=1701937,1701937,WTSell: DSLR - Fuji Fuji XT2 with battery boosters grip black,harrykh
showthread.php?t=1701924,1701924,WTSell: Compact - Fuji X-E1 silver in excellent condition.,mtc
showthread.php?t=1701923,1701923,WTSell: Compact - THETA S 360 degree camera,mtc
showthread.php?t=1701881,1701881,WTSell: DSLR - Fuji X-T10 (Black),aloy99
showthread.php?t=1701877,1701877,WTSell: Compact - Fuji X-T2 (Black),malkw
showthread.php?t=1701849,1701849,WTSell: Compact - Leica Leica X (typ113) Silver + Visoflex EVF Bundle,imstrong1992
showthread.php?t=1701809,1701809,WTSell: SLR -  Pentax   Program Plus with Pentax-A 50mm 1.7 - Near Mint,weihsuan
showthread.php?t=1701805,1701805,WTBuy: DSLR - Fuji XT20 + XF18-55mm,alxslw
showthread.php?t=1701786,1701786,WTSell: Compact - Fuji Fujifilm X100S,LifeInPhotons
showthread.php?t=1701732,1701732,WTSell: DSLR - Fuji x100t,FujiFan132
showthread.php?t=1701723,1701723,WTSell: DSLR - Fuji  X100T Black with extended warranty till 15 May 2019,ck2210
showthread.php?t=1701717,1701717,WTSell: Compact - Leica Leica Q (black),shoot78
showthread.php?t=1701691,1701691,WTSell: Compact - Fuji Fujifilm XT1 X-T1,kidosen
showthread.php?t=1701683,1701683,WTBuy: Compact - Fuji X-Pro 2,haxxor
showthread.php?t=1701679,1701679,WTSell: DSLR - Fuji Fuji XT2 with 18-55 ( with filter),jacktjk
showthread.php?t=1701659,1701659,WTSell: Compact - Fuji X70 ( Silver - Mint),vanscafe
showthread.php?t=1701642,1701642,WTSell: MediumFormat - Rollei/Rolleiflex 3.5F Planar,mw1986
showthread.php?t=1701609,1701609,WTSell: Rangefinder - Leica M8 (Black),Yow Chun Yin
showthread.php?t=1701598,1701598,WTSell: DSLR - Fuji X-T2,mrgum
showthread.php?t=1701596,1701596,WTSell: Rangefinder - Leica Leica X with EVF,imstrong1992
showthread.php?t=1701582,1701582,WTBuy: DSLR - Samsung NX500 + 20mm/2.8,magicshi
showthread.php?t=1701576,1701576,WTSell: DSLR - Fuji Fuji X-T10 (Silver),cwsss
showthread.php?t=1701552,1701552,WTSell: Compact - Fuji Fujifilm X-T20,qwertsun
showthread.php?t=1701546,1701546,WTBuy: Compact - Panasonic WTB : LX10 / LX15,vanscafe
showthread.php?t=1701527,1701527,WTSell: DSLR - Fuji X100T Black with extended warranty till 15 May 2019 (Price Reduce,ck2210
showthread.php?t=1701525,1701525,"WTSell: MediumFormat - Hasselblad 203FE and E12 back ,wirst level finder",CNEOS1D
showthread.php?t=1701524,1701524,WTSell: DSLR - Fuji Fuji XT-2 With Battery Booster Grip,harrykh
showthread.php?t=1701507,1701507,WTSell: Rangefinder - Leica Brand new Leica m60 stainless steel limited ed,morgan tan
showthread.php?t=1701485,1701485,WTSell: MediumFormat - Fuji GFX50s with 63mm f2.8  GF lens,SobaSze
showthread.php?t=1701482,1701482,WTSell: Compact - Fuji X100S + WCL X100 wide converter,LifeInPhotons
showthread.php?t=1701479,1701479,WTBuy: DSLR - Panasonic FZ2500,hdtvproductions
showthread.php?t=1701475,1701475,WTSell: Compact - Leica X Vario (Type 107) Black,gregwklee
showthread.php?t=1701472,1701472,WTSell: Rangefinder - Leica M (Typ 240) Black Body Only,gregwklee
showthread.php?t=1701462,1701462,WTSell: Rangefinder - Leica M Monochrom CCD Black,vtsg04
showthread.php?t=1701440,1701440,WTSell: Compact - Fuji Fuji X70 ( Silver - Mint),vanscafe
showthread.php?t=1701412,1701412,WTSell: DSLR - Fuji X100T Black with extended warranty till 15 May 2019 (Price Reduce,ck2210
showthread.php?t=1701374,1701374,WTSell: Compact - Fuji X100 Silver,LeGozt
showthread.php?t=1701355,1701355,WTSell: DSLR - Fuji Fuji X-T10 Body (Silver),basilng
showthread.php?t=1701342,1701342,WTSell: DSLR - Fuji X100T Black with extended warranty till 15 May 2019!,ck2210
showthread.php?t=1701329,1701329,WTSell: Rangefinder - Leica 2017 MP 0.72 Black + Acratech Quick Release Plate + Every,The Dry Box
showthread.php?t=1701215,1701215,WTSell: DSLR - Fuji X-T10 (Black),aloy99
showthread.php?t=1701208,1701208,WTSell: DSLR - Fuji X100T Black with extended warranty till 15 May 2019!,ck2210
showthread.php?t=1701201,1701201,WTSell: Compact - Fuji Mint Black X-T20 + XF 18-55mm f/2.8-4 with accessories,suchaloser
showthread.php?t=1701198,1701198,WTSell: DSLR - Fuji Fuji XT-2 With Battery Booster Grip,harrykh
showthread.php?t=1701188,1701188,"WTSell: SLR - Fujiflim Fujiflim XT-10 (Body, Silver)",creameri
showthread.php?t=1701180,1701180,WTSell: DSLR - Fuji Xt-2 (Black) with XF 18-55,neoro
showthread.php?t=1701172,1701172,WTSell: DSLR - Fuji X-T1 with Original Battery grip,predictio
showthread.php?t=1701169,1701169,WTSell: DSLR - Fuji XT-20 (Black) with XC 16-50mm Kit Lens,neoro
showthread.php?t=1701148,1701148,WTSell: Compact - Leica Leica X Silver (typ113) + EVF,imstrong1992
showthread.php?t=1701147,1701147,WTSell: DSLR - Fuji Black Fuji X70 &amp; WCL - X70,joefik
showthread.php?t=1701103,1701103,WTSell: DSLR -  Other Samsung NX mini body (Pink colour),lasercare
showthread.php?t=1701080,1701080,WTSell: DSLR - Fuji X-T10 (Silver),Matagula
showthread.php?t=1701068,1701068,WTBuy: Rangefinder - Hasselblad Xpan,pilonn555
showthread.php?t=1701062,1701062,WTSell: DSLR - Fuji * Super Mint * Fuji X100F Black with many accesories,katrob
showthread.php?t=1701060,1701060,WTSell: DSLR - Fuji  X100T Black with extended warranty till 15 May 2019!,ck2210
showthread.php?t=1701040,1701040,"WTSell: Compact -  Other Samsung NX1000 , cheap",akuaku
showthread.php?t=1701036,1701036,WTSell: DSLR - Fuji Fuji X70 (Black),cardinglibag
showthread.php?t=1701018,1701018,WTSell: DSLR - Fuji X-T10 body,jsd523
showthread.php?t=1701007,1701007,WTSell: DSLR - Fuji XE-2,snapshooter
showthread.php?t=1700921,1700921,WTSell: Rangefinder - Leica M6 Classic Silver,simonchow
showthread.php?t=1700912,1700912,WTSell: DSLR - Fuji XT2 + Lens,icecy
showthread.php?t=1700880,1700880,WTSell: DSLR - Fuji X-T20 Silver,followandsnap
showthread.php?t=1700856,1700856,WTSell: DSLR - Fuji Fujifilm X-T2 [Price Reduced],Juristium
showthread.php?t=1700848,1700848,WTSell: DSLR - Fuji X-T1 + 23mm F2 WR,artofshuenalogy
showthread.php?t=1700844,1700844,WTSell: Compact - Leica Q,Csherlyn
showthread.php?t=1700841,1700841,WTSell: Rangefinder -  Other   Fujifilm X70 (Black),Levis
showthread.php?t=1700838,1700838,WTSell: DSLR - Fuji Fujifilm X-A10 + XC16-50mm kit lens,ayatokamina
showthread.php?t=1700825,1700825,WTSell: DSLR - Fuji X100T Black with extended warranty till 15 May 2019,ck2210
showthread.php?t=1700792,1700792,WTSell: DSLR - Fuji Fujifilm X-T2,Juristium
showthread.php?t=1700791,1700791,WTSell: DSLR - Fuji Fujifilm X-Pro2,Juristium
showthread.php?t=1700761,1700761,WTSell: Compact - Fuji XE-1 (Silver),Jedi
showthread.php?t=1700752,1700752,WTSell: Compact - Fuji Fuji X-T20 silver with 35mm 1.4,EarvinPaul
showthread.php?t=1700749,1700749,WTSell: Rangefinder -  Other Canon Canonet QL19,aloy99
showthread.php?t=1700726,1700726,WTBuy: DSLR - Fuji X-T20,JSeah
showthread.php?t=1700716,1700716,WTSell: Rangefinder - Leica Leica M-D (the Digital/Film Leica!),JeremyT
showthread.php?t=1700708,1700708,WTSell: Compact - Fuji Fujifilm X-E2 with Kit Lens,abc1def2ghi3
showthread.php?t=1700694,1700694,WTSell: Compact - Panasonic Lumix DMC-FZ2500,Mogwai6170
showthread.php?t=1700691,1700691,WTSell: Rangefinder - Leica M4 Black Chrome with Leicameter MR-4 Black - Boxed,FilmMeBoy
showthread.php?t=1700685,1700685,WTSell: Compact - Fuji X100F,gainsucker
showthread.php?t=1700684,1700684,WTSell: Compact - Fuji X100F,gainsucker
showthread.php?t=1700630,1700630,WTSell: Compact - Leica Leica X typ113 Silver + EVF,imstrong1992
showthread.php?t=1700618,1700618,WTSell: Compact - Fuji SQ10,moodyvamp
showthread.php?t=1700573,1700573,WTSell: Rangefinder -  Other   Fujifilm X70 (Black),Levis
showthread.php?t=1700533,1700533,WTBuy: MediumFormat - Hasselblad CFV-50C Digital Back,dickmann88
showthread.php?t=1700510,1700510,WTSell: DSLR - Fuji X-E2 Black,aloy99
showthread.php?t=1700449,1700449,WTSell: DSLR - Fuji Black X100T with 18 months warranty,ck2210
showthread.php?t=1700448,1700448,WTSell: Compact - Fuji X100T,azmi77
showthread.php?t=1700441,1700441,WTSell: Compact - Fuji Fujifilm X100T black,muoitranduc
showthread.php?t=1700424,1700424,WTSell: DSLR - Fuji X-Pro 1 Body,Granialchia
showthread.php?t=1700394,1700394,WTSell: Rangefinder - Leica M7 Silver,ribet08
showthread.php?t=1700393,1700393,WTSell: DSLR - Leica M240 + handgrip,ribet08
showthread.php?t=1700388,1700388,WTSell: DSLR - Fuji Fuji xt 10 body (Black),zaine31
showthread.php?t=1700387,1700387,WTSell: Rangefinder - Fuji x100f (Silver),tonychua
showthread.php?t=1700372,1700372,WTSell: Compact - Leica Leica X typ113 Silver + Visoflex EVF,imstrong1992
showthread.php?t=1700362,1700362,WTBuy: DSLR - Fuji X-T10 (Body),vascjw
showthread.php?t=1700335,1700335,WTSell: MediumFormat - Seagull seagull TLR 4,helmet0004
showthread.php?t=1700333,1700333,WTSell: Rangefinder - Leica M240 silver like new,morgan tan
showthread.php?t=1700332,1700332,WTSell: DSLR - Leica SL Body with 24-90mm like new,morgan tan
showthread.php?t=1700323,1700323,WTSell: Rangefinder - Leica M2,Daniel Ong
showthread.php?t=1700313,1700313,WTSell: Rangefinder - Leica SL Package - Read Post,Far far away
showthread.php?t=1700307,1700307,WTSell: Rangefinder -  Other    Fujifilm X70 (Black),Levis
showthread.php?t=1700304,1700304,WTSell: DSLR - Fuji Xt2 and xpro 2,ribet08
showthread.php?t=1700289,1700289,WTBuy: MediumFormat - Mamiya Looking for Mamiya 7ii + lens,wabisabi
showthread.php?t=1700276,1700276,WTSell: DSLR - Fuji  X100T  Black,ck2210
showthread.php?t=1700237,1700237,WTSell: DSLR - Fuji X Pro-1 Body (MINT),Samxiao
showthread.php?t=1700231,1700231,WTSell: Compact - Fuji Fuji Mint Black X-T20 + XF 18-55mm f/2.8-4 with accessories,suchaloser
showthread.php?t=1700217,1700217,WTSell: DSLR - Ricoh  Theta S with waterproof case,geekylicious
showthread.php?t=1700216,1700216,WTSell: SLR - Leica Vintage Leica R7,alecting
showthread.php?t=1700198,1700198,WTSell: MediumFormat - Rollei/Rolleiflex 3.5F Planar,mw1986
showthread.php?t=1700197,1700197,WTBuy: DSLR - Fuji Fujifilm X-T20 Body Black,Hahachao
showthread.php?t=1700196,1700196,WTSell: DSLR - Fuji Fujifilm X-T1 Black Body,tjwei
showthread.php?t=1700189,1700189,WTSell: DSLR - Fuji X-T1,mattseah
showthread.php?t=1700181,1700181,WTSell: Compact - Panasonic LUMIX DMC-FZ2500,Mogwai6170
showthread.php?t=1700160,1700160,WTSell: Rangefinder - Leica Rangefinder - Leica Leica M-D (the Digital/Film Leica!),JeremyT
showthread.php?t=1700150,1700150,WTSell: DSLR - Fuji FUJIFILM mirrorless X-T2 (Graphite Silver) Body,Ginseng
showthread.php?t=1700144,1700144,WTSell: DSLR - Fuji X-T1 + 23mm F2 WR,artofshuenalogy
showthread.php?t=1700141,1700141,WTSell: SLR - Nikon Nikon FM2,indieache
showthread.php?t=1700130,1700130,WTSell: Compact - Fuji Fujifilm X-T1 with 18-55 f2.8-4 OS lens,andy2013
showthread.php?t=1700121,1700121,WTSell: Compact - Fuji X70 black set with local warranty,Gizmo
showthread.php?t=1700119,1700119,WTSell: DSLR - Fuji X100T Black,ck2210
showthread.php?t=1700089,1700089,WTSell: Compact - Leica X1 Steel Grey,mtc
showthread.php?t=1700088,1700088,WTSell: Compact - THETA S 360 CAMERA BY RICOH,mtc
showthread.php?t=1700087,1700087,WTSell: Compact - Fuji X-E1 silver in excellent working condition.,mtc
showthread.php?t=1700029,1700029,WTSell: Rangefinder - Leica M6 Titanium,edftwin
showthread.php?t=1700023,1700023,WTBuy: Rangefinder - Fujifilm X-M1 or X-E1 (Body only),vascjw
showthread.php?t=1699999,1699999,WTSell: Compact - Leica Leica X (typ113) Silver + Visoflex EVF Bundle,imstrong1992
showthread.php?t=1699991,1699991,WTSell: DSLR - Please select brand Samsung NX500 + 3 Lenese,twotwotang
showthread.php?t=1699949,1699949,WTSell: SLR - Nikon KIEB 60 + 4 Lenese,glamourfang
showthread.php?t=1699931,1699931,WTSell: DSLR - Fuji Fuji XT2 (black) + XF 16-55mm f/2.8 R LM WR,bethpapa74
showthread.php?t=1699924,1699924,WTSell: Compact - Fuji XT 1 full box,sogood
showthread.php?t=1699920,1699920,WTBuy: MediumFormat - Hasselblad 2000 series camera,sweat100
showthread.php?t=1699892,1699892,"WTSell: MediumFormat - Hasselblad 203 FE Millenium, E12 Back Millenium, PM-90 finder",OM4
showthread.php?t=1699857,1699857,WTSell: Compact - Panasonic FZ1000,willdoang
showthread.php?t=1699817,1699817,WTSell: DSLR - Fuji FUJIFILM mirrorless X-T2 Graphite Body,Ginseng
showthread.php?t=1699728,1699728,WTSell: DSLR - Fuji Fujifilm X-E1 Silver Bundle,nAsLiMe
showthread.php?t=1699720,1699720,WTSell: SLR - Contax RTS III,fuwen
showthread.php?t=1699526,1699526,WTSell: Rangefinder - Leica M (Typ 240) Black Body Only,gregwklee
showthread.php?t=1699472,1699472,WTSell: Compact - Panasonic FZ1000,willdoang
showthread.php?t=1699418,1699418,WTSell: Compact - Fuji X-E3 full box Mint condition,ckbezz
showthread.php?t=1699400,1699400,WTSell: MediumFormat - Fuji GFX with 63mm f2.8 kit CHEAPEST,ckbezz
showthread.php?t=1699230,1699230,WTSell: Compact - Fuji X-Pro2 / X-T2,Yow Chun Yin
showthread.php?t=1699173,1699173,WTSell: Rangefinder - Leica 2017 MP 0.72 Black + Acratech Quick Release Plate + Every,The Dry Box
showthread.php?t=1698754,1698754,WTSell: Compact - Fuji XM1 (Black) + Minolta 35mm 2.8,ItsjustMe
showthread.php?t=1698688,1698688,WTSell: DSLR - Fuji X-Pro 1 Body,Granialchia
showthread.php?t=1698543,1698543,WTSell: Compact - Leica LEICA V-LUX (TYP 114) BLACK,WesleySM
showthread.php?t=1698410,1698410,WTSell: DSLR - Fuji X-T20 body,jsd523
showthread.php?t=1697926,1697926,WTSell: DSLR - Fuji X-E2 with 18mm f2,Ianaya
showthread.php?t=1696930,1696930,WTSell: Compact - Leica X Vario (Type 107) Black,gregwklee
showthread.php?t=1696811,1696811,WTSell: DSLR - Fuji X-T10 (Silver),Matagula
showthread.php?t=1696463,1696463,WTSell: DSLR - Fuji Fuji X-T10 (silver),SG chao
showthread.php?t=1693381,1693381,"WTSell: MediumFormat - Hasselblad 203 FE Millenium, E12 Back Millenium, PM-90 finder",OM4
showthread.php?t=1688546,1688546,WTSell: Compact - Fuji Fujifilm EXR800 compact camera,kababoom
showthread.php?t=1684949,1684949,"WTSell: MediumFormat - Hasselblad 203 FE Millenium, E12 Back Millenium, PM-90 finder",OM4
showthread.php?t=1683416,1683416,WTSell: MediumFormat - Polaroid  lot of 600 cameras,wahgongzai
showthread.php?t=1672720,1672720,WTSell: MediumFormat - Fuji Fuji GX680 III,anta40
showthread.php?t=1496179,1496179,WTSell: DSLR - Fuji XM1 body + touit 12mm,dniwkh
link,thread_id,title,username
showthread.php?t=1509938&s=d0cfc196be7fb6306f55a92803227a4d,1509938,"WTSell: DSLR - Canon Canon 5D Mark 3 @ $1,100 - SCAMMER ALERT!!",hassass039
showthread.php?t=1363054&s=d0cfc196be7fb6306f55a92803227a4d,1363054,Pls READ - Unfilled Warranty Card (NO USE),daredevil123
showthread.php?t=1552012&s=d0cfc196be7fb6306f55a92803227a4d,1552012,Guidelines for Buy & Sell threads/posts (Updated - 2015),Octarine
showthread.php?t=1704050&s=d0cfc196be7fb6306f55a92803227a4d,1704050,WTSell: Lens - Canon EF 1.4X teleconverter Mark III,Gizmo
showthread.php?t=1704049&s=d0cfc196be7fb6306f55a92803227a4d,1704049,WTSell: Lens - Canon EF 70-200mm f2.8 lens (Mark II),Gizmo
showthread.php?t=1704048&s=d0cfc196be7fb6306f55a92803227a4d,1704048,WTSell: Lens - Canon EF 24-70mm f2.8 lens (Mark I),Gizmo
showthread.php?t=1704046&s=d0cfc196be7fb6306f55a92803227a4d,1704046,WTSell: DSLR - Canon 5D3 / 5D Mk iii / 5D Mark 3 body,Gizmo
showthread.php?t=1704044&s=d0cfc196be7fb6306f55a92803227a4d,1704044,WTSell: Accessory - Canon Godox X1T-C TTL Wireless Flash Trigger (for Canon),brownstripe
showthread.php?t=1704038&s=d0cfc196be7fb6306f55a92803227a4d,1704038,WTSell: Lens - Canon Canon 18-135 STM lens,chrislzy
showthread.php?t=1704035&s=d0cfc196be7fb6306f55a92803227a4d,1704035,WTSell: Lens - Canon EF 85mm f/1.8 USM,holybananas
showthread.php?t=1704031&s=d0cfc196be7fb6306f55a92803227a4d,1704031,WTSell: Lens - Canon EF 50mm f/1.4 USM Lens,newbie12
showthread.php?t=1704014&s=d0cfc196be7fb6306f55a92803227a4d,1704014,WTSell: Lens - Canon 55-250mm F4-5.6 IS Non STM,vroom1
showthread.php?t=1704011&s=d0cfc196be7fb6306f55a92803227a4d,1704011,WTSell: Lens - Tamron (CanonMount) 17-50mm F2.8 Non VC,vroom1
showthread.php?t=1704008&s=d0cfc196be7fb6306f55a92803227a4d,1704008,WTSell: DSLR - Canon 400D + BG-E3 + Accessories,vroom1
showthread.php?t=1703992&s=d0cfc196be7fb6306f55a92803227a4d,1703992,WTSell: DSLR - Canon 5D3/MK3,MichaelKM
showthread.php?t=1703978&s=d0cfc196be7fb6306f55a92803227a4d,1703978,WTSell: Lens - Canon EF 24-105 f/4L IS USM,panzerpunk
showthread.php?t=1703977&s=d0cfc196be7fb6306f55a92803227a4d,1703977,WTSell: DSLR - Canon 5D Mk II,panzerpunk
showthread.php?t=1703973&s=d0cfc196be7fb6306f55a92803227a4d,1703973,WTSell: Accessory - Canon 3rd party L-Bracket for Canon 70D,Fable
showthread.php?t=1703962&s=d0cfc196be7fb6306f55a92803227a4d,1703962,WTSell: Lens - Canon 70-200mm F4 IS,spencer84
showthread.php?t=1703959&s=d0cfc196be7fb6306f55a92803227a4d,1703959,WTSell: Lens - Canon 70-200 F2.8 L (non-IS),musicbuff123
showthread.php?t=1703957&s=d0cfc196be7fb6306f55a92803227a4d,1703957,WTSell: DSLR - Canon 6D body only+valid 6 month local warranty left,men4r
showthread.php?t=1703953&s=d0cfc196be7fb6306f55a92803227a4d,1703953,WTBuy: DSLR - Canon 80D,clubsauce
showthread.php?t=1703948&s=d0cfc196be7fb6306f55a92803227a4d,1703948,WTSell: Flash - Canon Yongnuo YN-565EX Mark II TTL flash,jacksun
showthread.php?t=1703945&s=d0cfc196be7fb6306f55a92803227a4d,1703945,WTSell: DSLR - Canon Canon 1D Mark 3 + a few L lenses,konchan69
showthread.php?t=1703943&s=d0cfc196be7fb6306f55a92803227a4d,1703943,WTSell: Lens - Sigma (CanonMount) 35mm f/1.4 DG HSM Art Lens - Mint with warranty,adfvr
showthread.php?t=1703942&s=d0cfc196be7fb6306f55a92803227a4d,1703942,WTSell: DSLR - Canon Canon 80D Kit 18-135 IS USM,minthawspp
showthread.php?t=1703941&s=d0cfc196be7fb6306f55a92803227a4d,1703941,WTBuy: Lens - Canon Canon EF 1.4X teleconverter Mark III,Canonized
showthread.php?t=1703939&s=d0cfc196be7fb6306f55a92803227a4d,1703939,WTSell: DSLR - Canon Canon 5D Mark 3,joeljoe
showthread.php?t=1703933&s=d0cfc196be7fb6306f55a92803227a4d,1703933,WTSell: Lens - Canon 135mm f/2L,leeyin
showthread.php?t=1703925&s=d0cfc196be7fb6306f55a92803227a4d,1703925,WTSell: Lens - Canon 28mm F2.8 IS,focus627
showthread.php?t=1703924&s=d0cfc196be7fb6306f55a92803227a4d,1703924,WTSell: Lens - Canon 24mm tilt shift lens mark i,focus627
showthread.php?t=1703923&s=d0cfc196be7fb6306f55a92803227a4d,1703923,WTSell: Accessory - Canon CANON 1.4X Extender mark 2,focus627
showthread.php?t=1703918&s=d0cfc196be7fb6306f55a92803227a4d,1703918,WTSell: Compact - Canon G7X *** Like NEW *** $380,Greg Chen
showthread.php?t=1553661&s=d0cfc196be7fb6306f55a92803227a4d,1553661,Guidelines for Buy & Sell threads/posts (Updated - 2015),Octarine
showthread.php?t=1363057&s=d0cfc196be7fb6306f55a92803227a4d,1363057,Pls READ - Unfilled Warranty Card (NO USE),daredevil123
showthread.php?t=1703964&s=d0cfc196be7fb6306f55a92803227a4d,1703964,WTSell: Compact - Olympus Olympus E-M10 with Lumix 14-42mm OIS,lastkiss777
showthread.php?t=1703930&s=d0cfc196be7fb6306f55a92803227a4d,1703930,WTSell: Accessory - Olympus RRS grip for olympus omd-e5,focus627
showthread.php?t=1703774&s=d0cfc196be7fb6306f55a92803227a4d,1703774,WTSell: Lens - Olympus Olympus 14-42mm f3.5-5.6 EZ (Silver) + (B+W) UV Filter,Falar
showthread.php?t=1703766&s=d0cfc196be7fb6306f55a92803227a4d,1703766,WTSell: Lens - Olympus  M.Zuiko Digital ED 40-150mm F2.8 Pro.,kevtan
showthread.php?t=1703624&s=d0cfc196be7fb6306f55a92803227a4d,1703624,WTSell: Lens - Olympus Olympus 75-300 mm f4.8-6.7II &amp; 45mm 1.8,KUROMl
showthread.php?t=1703564&s=d0cfc196be7fb6306f55a92803227a4d,1703564,WTSell: Lens - Olympus 14-42mm f3.5-5.6 EZ (Black),valkyrie112
showthread.php?t=1703556&s=d0cfc196be7fb6306f55a92803227a4d,1703556,WTSell: Lens - Olympus 45mm f1.8,sunshine76
showthread.php?t=1703536&s=d0cfc196be7fb6306f55a92803227a4d,1703536,WTSell: Accessory - Olympus VF-4,valkyrie112
showthread.php?t=1703478&s=d0cfc196be7fb6306f55a92803227a4d,1703478,WTSell: Compact - Olympus Water Proof Cameras,gregwklee
showthread.php?t=1703465&s=d0cfc196be7fb6306f55a92803227a4d,1703465,WTSell: Lens - Olympus 14-150 mark ii (em5ii kit) brand new,blurboiboi
showthread.php?t=1703394&s=d0cfc196be7fb6306f55a92803227a4d,1703394,WTSell: Lens - Olympus Olympus 45mm F1.8 Black (BNIB),prithupaul
showthread.php?t=1703333&s=d0cfc196be7fb6306f55a92803227a4d,1703333,WTSell: Lens - Olympus 45mm f1.8(black),seph28
showthread.php?t=1703332&s=d0cfc196be7fb6306f55a92803227a4d,1703332,WTSell: DSLR - Olympus Em1m2 + 12-40mm f2.8 pro lens,seph28
showthread.php?t=1703283&s=d0cfc196be7fb6306f55a92803227a4d,1703283,WTSell: DSLR - Olympus E-P5 (Silver),aloy99
showthread.php?t=1703236&s=d0cfc196be7fb6306f55a92803227a4d,1703236,WTSell: Compact - Olympus EM5,sunshine76
showthread.php?t=1703220&s=d0cfc196be7fb6306f55a92803227a4d,1703220,WTSell: Lens - Olympus M.Zuiko 14-42mm f3.5-5.6 EZ Pancake (Silver),yweichin
showthread.php?t=1703219&s=d0cfc196be7fb6306f55a92803227a4d,1703219,WTSell: Accessory - Olympus ECG-3 Grip (for OM-D E-M10 Mark II),yweichin
showthread.php?t=1703218&s=d0cfc196be7fb6306f55a92803227a4d,1703218,WTSell: Lens - Olympus Pro 40-150mm F2.8,yweichin
showthread.php?t=1703217&s=d0cfc196be7fb6306f55a92803227a4d,1703217,WTSell: Lens - Olympus 12mm f2 limited black in full box,Chrisone
showthread.php?t=1703192&s=d0cfc196be7fb6306f55a92803227a4d,1703192,WTSell: Accessory - Olympus VF-4 EVF,valkyrie112
showthread.php?t=1703186&s=d0cfc196be7fb6306f55a92803227a4d,1703186,WTSell: SLR - Olympus EM-5 Mark II +12-40 f2.8 pro,caohui
showthread.php?t=1703132&s=d0cfc196be7fb6306f55a92803227a4d,1703132,WTSell: DSLR - Olympus OMD EM5 MK II Black,madhardy4
showthread.php?t=1703059&s=d0cfc196be7fb6306f55a92803227a4d,1703059,WTSell: Lens - Olympus 180 mm f2 zuiko mm f2 zuiko,gtan
showthread.php?t=1553785,1553785,Guidelines for Buy & Sell threads/posts (Updated - 2015),Octarine
showthread.php?t=1702950&s=d0cfc196be7fb6306f55a92803227a4d,1702950,WTSell: Compact - Olympus EM5 Mk 1 ($300),anthony08
showthread.php?t=1702923&s=d0cfc196be7fb6306f55a92803227a4d,1702923,WTSell: SLR - Olympus Pen FT Mechanical Half Frame Camera n Olympus G Zuiko Auto S 40,rodendroll
showthread.php?t=1363058,1363058,Pls READ - Unfilled Warranty Card (NO USE),daredevil123
showthread.php?t=1702907&s=d0cfc196be7fb6306f55a92803227a4d,1702907,WTSell: Accessory - Olympus RRS grip for olympus omd-e5,focus627
showthread.php?t=1702906&s=d0cfc196be7fb6306f55a92803227a4d,1702906,WTSell: Accessory - Olympus JJC B-BLN1 Battery Replaces Olympus BLN-1,focus627
showthread.php?t=1702872&s=d0cfc196be7fb6306f55a92803227a4d,1702872,WTBuy: Compact - Olympus TG-4,Jedi2804
showthread.php?t=1702820&s=d0cfc196be7fb6306f55a92803227a4d,1702820,WTSell: Compact - Olympus Pen F (silver),valkyrie112
showthread.php?t=1702781&s=d0cfc196be7fb6306f55a92803227a4d,1702781,WTSell: Compact - Olympus Olympus Air A01 + M. Zuiko Lens 25mm F1.8 (Silver),garfywarfy84
showthread.php?t=1553808&s=d0cfc196be7fb6306f55a92803227a4d,1553808,Guidelines for Buy & Sell threads/posts (Updated - 2015),Octarine
showthread.php?t=1363061&s=d0cfc196be7fb6306f55a92803227a4d,1363061,Pls READ - Unfilled Warranty Card (NO USE),daredevil123
showthread.php?t=1704047&s=d0cfc196be7fb6306f55a92803227a4d,1704047,WTSell: Lens - Sony 50mm F1.8 OSS silver SEL50F18,sandy008
showthread.php?t=1704030&s=d0cfc196be7fb6306f55a92803227a4d,1704030,WTBuy: Lens - Sony Vcl-ecu Ultra-Wide Lens Converter,sandy008
showthread.php?t=1553652,1553652,Guidelines for Buy & Sell threads/posts (Updated - 2015),Octarine
showthread.php?t=1704028&s=d0cfc196be7fb6306f55a92803227a4d,1704028,WTSell: Lens - Sony 16mm F2.8 SEL16F28,sandy008
showthread.php?t=1704023&s=d0cfc196be7fb6306f55a92803227a4d,1704023,WTSell: DSLR - Sony A7R II,jxjs9
showthread.php?t=1704005&s=d0cfc196be7fb6306f55a92803227a4d,1704005,"WTSell: DSLR - Sony A7 ILCE-7 (full box set, 10/10 cond)",SteadiedManx082
showthread.php?t=1511214,1511214,"WTSell: DSLR - Canon Canon 5D Mark 3 @ $1,100 - SCAMMER ALERT!!",hassass039
showthread.php?t=497890,497890,Pls READ - Unfilled Warranty Card (NO USE) and Online Registration,chngpe01
showthread.php?t=1704002&s=d0cfc196be7fb6306f55a92803227a4d,1704002,WTBuy: Lens - Sony 55mm f1.8,amachi
showthread.php?t=1703998&s=d0cfc196be7fb6306f55a92803227a4d,1703998,WTSell: Lens - Sony Sigma 60mm F2.8 DN Art E mount,pizzaman
showthread.php?t=1703996&s=d0cfc196be7fb6306f55a92803227a4d,1703996,WTSell: DSLR - Sony A58 + Sony 18-55mm - $350,lasercare
showthread.php?t=1704034,1704034,WTSell: Lens - Tokina (NikonMount) Tokina AT-X 11-20mm f/2.8 PRO DX Lens,Adrian Yeo
showthread.php?t=1704032,1704032,WTSell: Accessory - Nikon EN-EL15,cplee888
showthread.php?t=1704024,1704024,WTSell: Lens - Nikon AF-S NIKKOR 24-70MM F/2.8G ED,DocFred
showthread.php?t=1703995&s=d0cfc196be7fb6306f55a92803227a4d,1703995,WTSell: DSLR - Sony A57 + Sony 18-55mm - $300,lasercare
showthread.php?t=1703981&s=d0cfc196be7fb6306f55a92803227a4d,1703981,WTSell: DSLR - Sony Sony A6300 Body &amp; Zeiss 16-70mm F4 ZA OSS Lens,tharnge1990
showthread.php?t=1703956&s=d0cfc196be7fb6306f55a92803227a4d,1703956,WTSell: Compact - Sony RX100  IV,Elessar
showthread.php?t=1704022,1704022,WTSell: DSLR - Nikon Nikon D7200 with 18-140mm Lens Kit,Adrian Yeo
showthread.php?t=1704021,1704021,WTSell: Lens - Tamron (NikonMount) Tamron SP 24-70MM F/2.8 Di VC USD Nikon Mount,Adrian Yeo
showthread.php?t=1704020,1704020,WTSell: Lens - Tamron (NikonMount) Tamron SP 70-200mm f/2.8 Di VC USD Zoom Lens for N,Adrian Yeo
showthread.php?t=1703950&s=d0cfc196be7fb6306f55a92803227a4d,1703950,WTSell: Compact - Sony SONY RX1 - The AMAZING Compact !,Dfive
showthread.php?t=1703949&s=d0cfc196be7fb6306f55a92803227a4d,1703949,"WTSell: Lens - Sony SEL55210 55-210mm Zoom Lens for Nex, A Camera (E Mount)",jacksun
showthread.php?t=1703944&s=d0cfc196be7fb6306f55a92803227a4d,1703944,WTSell: DSLR - Sony A850,matthiasthong
showthread.php?t=1704017,1704017,WTSell: Lens - Nikon AF-S Nikkor 50mm f/1.8G (Fast deal!),hongbtk
showthread.php?t=1704016,1704016,WTSell: Flash - Nikon SB900,amachi
showthread.php?t=1704013,1704013,WTSell: Accessory - Nikon Pixel King Pro set for nikon,amachi
showthread.php?t=1704010,1704010,WTSell: DSLR - Nikon D750,amachi
showthread.php?t=1703934&s=d0cfc196be7fb6306f55a92803227a4d,1703934,WTSell: Lens - Sony Voigtlander 10mm F5.6 Heliar-hyper Wide,leeyin
showthread.php?t=1703922&s=d0cfc196be7fb6306f55a92803227a4d,1703922,WTSell: Lens - Sony FE 24-70 F4 ZA OSS,supreme
showthread.php?t=1703875&s=d0cfc196be7fb6306f55a92803227a4d,1703875,WTSell: Flash - Sony HVL-F60M External Flash,sonyfan888
showthread.php?t=1703997,1703997,WTSell: DSLR - Nikon WTT D810 with D500 with low sc,smartkel
showthread.php?t=1703994,1703994,WTSell: Lens - Nikon 50mm 1.4,smartkel
showthread.php?t=1703990,1703990,WTSell: Flash - Nikon Yongnuo flash YN 560IV / YN660/YN-568EX / YN-685/YN968N,yhyrobert
showthread.php?t=1703874&s=d0cfc196be7fb6306f55a92803227a4d,1703874,WTSell: Accessory - Sony VG-C3EM Vertical Grip For A9 or A7R3,sonyfan888
showthread.php?t=1703865&s=d0cfc196be7fb6306f55a92803227a4d,1703865,WTSell: DSLR - Sony Sony A7RII / A7R mark 2,121orochi
showthread.php?t=1703863&s=d0cfc196be7fb6306f55a92803227a4d,1703863,WTSell: DSLR - Sony BNIB A7riii (Body),TheSpecialOne88
showthread.php?t=1703986,1703986,WTSell: Lens - Nikon AFS 200-400 F4G VR,Desecrated
showthread.php?t=1703982,1703982,WTBuy: Lens - Nikon Nikon 35mm DX F1.8,hapwee
showthread.php?t=1703966,1703966,WTSell: DSLR - Nikon D600,lukeric
showthread.php?t=1703961,1703961,WTSell: Lens - Nikon AFS 50mm F1.4 G,supiratu
showthread.php?t=1703851&s=d0cfc196be7fb6306f55a92803227a4d,1703851,WTSell: Lens - Sony FE 90mm f/2.8 Macro G OSS Lens,alprick
showthread.php?t=1703824&s=d0cfc196be7fb6306f55a92803227a4d,1703824,WTSell: Lens - Tamron (SonyKMMount) 28-75mm f2.8 Macro,Rexxie
showthread.php?t=1703821&s=d0cfc196be7fb6306f55a92803227a4d,1703821,WTSell: Lens - Sony Zeiss Batis 85mm f1.8,starofdavidz
showthread.php?t=1703955,1703955,WTSell: Lens - Nikon Nikon 24-120 F4 VR,Bling
showthread.php?t=1703954,1703954,WTSell: Lens - Nikon Nikon 70-200 F4,Bling
showthread.php?t=1703952,1703952,WTSell: SLR - Nikon NIKON F2 SILVER SLR with DP1 Finder. ( 71xxxxx Serial ) !,Dfive
showthread.php?t=1703819&s=d0cfc196be7fb6306f55a92803227a4d,1703819,WTSell: Accessory - Sony VG-C1EM - A7-Series Battery Grip,Jedi
showthread.php?t=1703799&s=d0cfc196be7fb6306f55a92803227a4d,1703799,WTBuy: DSLR - Sony A7ii,zozanthonyzoz
showthread.php?t=1703790&s=d0cfc196be7fb6306f55a92803227a4d,1703790,WTSell: DSLR - Sony Sony a6000 with 16-50mm lens,shadowmint
showthread.php?t=1703786&s=d0cfc196be7fb6306f55a92803227a4d,1703786,WTSell: Accessory - Sony LA -EA4 for Sony A to E mount lens.,Paul lam
showthread.php?t=1703940,1703940,WTSell: DSLR - Nikon Nikon D3000 DSLR Camera Complete Set w/ Camera Armor and Bag,Shangyou
showthread.php?t=1703938,1703938,WTSell: Flash - Nikon SB-700 + Yongnuo Wireless Flash Trigger Kit,Soe Gyi
showthread.php?t=1703937,1703937,WTSell: DSLR - Nikon Nikon AF-S Nikkor 24-70mm f2.8G ED,Soe Gyi
showthread.php?t=1703785&s=d0cfc196be7fb6306f55a92803227a4d,1703785,WTSell: Lens - Tamron (SonyKMMount) TAMRON AF28-75 F2.8 Macro (A mount),Paul lam
showthread.php?t=1703748&s=d0cfc196be7fb6306f55a92803227a4d,1703748,WTBuy: Lens - Sony FE 70-200 F4,achewlim
showthread.php?t=1703745&s=d0cfc196be7fb6306f55a92803227a4d,1703745,WTSell: Lens - Sony Zeiss Batis 85mm f/1.8,krion
showthread.php?t=1703936,1703936,WTSell: Lens - Nikon AF-S Zoom-Nikkor 17-35mm f/2.8D IF-ED,kinnith93
showthread.php?t=1703935,1703935,WTSell: Lens - Nikon AF DC-NIKKOR 105mm f/2Dv,kinnith93
showthread.php?t=1703919,1703919,WTSell: Lens - Nikon AFS 80-200 f2.8,wangyl
showthread.php?t=1703913,1703913,WTSell: Lens - Nikon NIKKOR AI-S 105mm f/2.5 (Manual Focus)  // LIKE NEW //,Dfive
showthread.php?t=1703906,1703906,WTSell: Lens - Nikon 200-500mm,Martin cc
showthread.php?t=1553800&s=d0cfc196be7fb6306f55a92803227a4d,1553800,Guidelines for Buy & Sell threads/posts (Updated - 2015),Octarine
showthread.php?t=1363059&s=d0cfc196be7fb6306f55a92803227a4d,1363059,Pls READ - Unfilled Warranty Card (NO USE),daredevil123
showthread.php?t=1703879&s=d0cfc196be7fb6306f55a92803227a4d,1703879,WTSell: Compact - Ricoh GR II Black + Gariz + Original Extra Battery,rmerlyn
showthread.php?t=1703732&s=d0cfc196be7fb6306f55a92803227a4d,1703732,WTSell: DSLR - Pentax K5 body + Kit Lens + Battery Grip,shutter speed
showthread.php?t=1703701&s=d0cfc196be7fb6306f55a92803227a4d,1703701,WTSell: Lens - Pentax 28mm f3.5 Super takumar manual focus,tommyk
showthread.php?t=1703563&s=d0cfc196be7fb6306f55a92803227a4d,1703563,WTSell: DSLR - Pentax K3 + many lense,blkhor
showthread.php?t=1703505&s=d0cfc196be7fb6306f55a92803227a4d,1703505,WTSell: Lens - Pentax Pentax 645 lenses,Little red
showthread.php?t=1703428&s=d0cfc196be7fb6306f55a92803227a4d,1703428,WTSell: DSLR - Pentax Pentax K5II and lens,fastsnap
showthread.php?t=1702991&s=d0cfc196be7fb6306f55a92803227a4d,1702991,WTBuy: DSLR - Pentax K3,haruX
showthread.php?t=1702597&s=d0cfc196be7fb6306f55a92803227a4d,1702597,WTSell: Lens - Pentax Pentax 67 with TTL metered,Wayne Lin
showthread.php?t=1702420&s=d0cfc196be7fb6306f55a92803227a4d,1702420,WTSell: DSLR - Pentax battery grip,teruranse
showthread.php?t=1702133&s=d0cfc196be7fb6306f55a92803227a4d,1702133,WTSell: Lens - Pentax K 85mm F1.8,shiosaki
showthread.php?t=1702025&s=d0cfc196be7fb6306f55a92803227a4d,1702025,WTSell: DSLR - Pentax Pentax K-5 + DA 55-300mm + D-BG4,rx7ong
showthread.php?t=1702021&s=d0cfc196be7fb6306f55a92803227a4d,1702021,WTSell: Compact - Ricoh Ricoh GXR M mount &amp; VF-2,selmer
showthread.php?t=1702004&s=d0cfc196be7fb6306f55a92803227a4d,1702004,WTSell: Lens - Pentax Pentax SMC Pentax-FA 50mm F1.4,gchiam
showthread.php?t=1702003&s=d0cfc196be7fb6306f55a92803227a4d,1702003,WTSell: Lens - Pentax Pentax SMCP-DA* 16-50mm f/2.8 ED SDM,gchiam
showthread.php?t=1702001&s=d0cfc196be7fb6306f55a92803227a4d,1702001,WTSell: Lens - Pentax SMC Pentax-FA 77mm F1.8 Limited (Silver),gchiam
showthread.php?t=1701824&s=d0cfc196be7fb6306f55a92803227a4d,1701824,WTSell: Compact - Ricoh GR II Black + Accessories,rmerlyn
showthread.php?t=1701796&s=d0cfc196be7fb6306f55a92803227a4d,1701796,WTSell: Compact - Ricoh GR I,TASSK
showthread.php?t=1701708&s=d0cfc196be7fb6306f55a92803227a4d,1701708,WTSell: Lens - Pentax Pentax-DA 10-17mm F3.5-4.5 Fish-Eye ED [IF],mypk30
showthread.php?t=1701707&s=d0cfc196be7fb6306f55a92803227a4d,1701707,WTSell: DSLR - Pentax Pentax K30 with DA18-55 AL WR Kit,mypk30
showthread.php?t=1701608&s=d0cfc196be7fb6306f55a92803227a4d,1701608,WTBuy: DSLR - Pentax K-3,whoelse
showthread.php?t=1701437&s=d0cfc196be7fb6306f55a92803227a4d,1701437,WTSell: Lens - Pentax SMPC-DA* 200mm f2.8 ED (IF) SDM Autofocus Lens,EyesofBernie
showthread.php?t=1701405&s=d0cfc196be7fb6306f55a92803227a4d,1701405,WTSell: Lens - Pentax Various,grahf23
showthread.php?t=1701334&s=d0cfc196be7fb6306f55a92803227a4d,1701334,"WTSell: Lens - Pentax Pentax DA21mm,  DAL50-200mm, Pentax AFZ540 Flash, Metz 48",foocs83
showthread.php?t=1701095&s=d0cfc196be7fb6306f55a92803227a4d,1701095,WTSell: Accessory -  Other Pentax Kirk PZ-135 for K5/K7 D-BG4 Battery Grip,pentaxme
showthread.php?t=1700974&s=d0cfc196be7fb6306f55a92803227a4d,1700974,WTSell: Accessory - Pentax Original Pentax Brown Leather Strap (New),pentaxme
showthread.php?t=1700959&s=d0cfc196be7fb6306f55a92803227a4d,1700959,WTBuy: Flash - Pentax Metz af-1 52/58 pentax,Sricam
showthread.php?t=1700820&s=d0cfc196be7fb6306f55a92803227a4d,1700820,WTSell: SLR - Pentax Program Plus with Pentax-A 50mm 1.7 - Near Mint,weihsuan
showthread.php?t=1700754&s=d0cfc196be7fb6306f55a92803227a4d,1700754,WTSell: Lens - Pentax DA 50-200mm WR,ggodetucsamoht
showthread.php?t=1703917,1703917,WTSell: Lens - Sigma (CanonMount) Sigma 50mm F1.4 ART Lens (Canon mount) - w free B+W,musicbuff123
showthread.php?t=1700350&s=d0cfc196be7fb6306f55a92803227a4d,1700350,WTSell: Lens - Pentax 18-135mm WR,ericzb
showthread.php?t=1700149&s=d0cfc196be7fb6306f55a92803227a4d,1700149,WTSell: Lens - Pentax 31MM F1.8 LIMITED,terrencehui123
showthread.php?t=1703914,1703914,WTSell: DSLR - Canon CANON EOS M3,ohg779
showthread.php?t=1703912,1703912,WTSell: Lens - Canon 10-22mm F/3.5-5.6 USM,Blakbang0821
showthread.php?t=1703911,1703911,WTSell: Lens - Canon 300mm f2.8 IS mk ii,Martin cc
showthread.php?t=1703910,1703910,WTSell: DSLR - Canon 1DX,Martin cc
showthread.php?t=1703905,1703905,WTBuy: DSLR - Canon FAULTY CAMERA AND LENS FOR PARTS,jay shakthi
showthread.php?t=1703902,1703902,WTBuy: Lens - Canon Sigma 35mm f/1.4 DG HSM Art,Kateris
showthread.php?t=1703901,1703901,WTSell: Lens - Canon 70-200 2.8 IS II,Maneerat
showthread.php?t=1703893,1703893,WTSell: DSLR - Canon 6D + 24-105,kaiw14
showthread.php?t=1703892,1703892,WTSell: DSLR - Canon Canon 5DSR body,Jack K
showthread.php?t=1703882,1703882,WTSell: Lens - Canon EF70-200mm f2.8 L IS USM II,Joshelerry
showthread.php?t=1703881,1703881,WTSell: DSLR - Canon Canon 6D Tele Kit 150-600mm sigma sports. 2 mth Warranty,Azraaza
showthread.php?t=1703880,1703880,WTSell: DSLR - Canon 6D Batt grip + box,pro_FHM
showthread.php?t=1703876,1703876,WTSell: DSLR - Canon Brand new 70D Body,newbie12
showthread.php?t=1703870,1703870,WTBuy: Lens - Sigma (CanonMount) Sigma 35mm f1.4 ART Canon mount,syedhanan
showthread.php?t=1703864,1703864,WTSell: Lens - Canon 17-40L,JohnChong
showthread.php?t=1703860,1703860,"WTSell: Lens - Canon 15-85 Excellent, with hood and filter",maritime
showthread.php?t=1703855,1703855,WTBuy: DSLR - Canon 5D Mark II/ III / 6D,Lawson
showthread.php?t=1703853,1703853,WTSell: Lens - Canon 50mm F1.4,tzeteng
showthread.php?t=1703852,1703852,WTSell: DSLR - Canon Canon 6D,tzeteng
showthread.php?t=1703850,1703850,WTSell: Lens - Canon EF-M 22MM F2 lens,lkhalan
showthread.php?t=1703842,1703842,WTSell: Lens - Sigma (CanonMount) 20mm f1.8 EX DG HSM,willdoang
showthread.php?t=1703841,1703841,WTSell: Lens - Canon EFS 17 - 55 f2.8,snapple09
showthread.php?t=1703836,1703836,WTSell: Accessory - Canon JJCLens Hood ES-68 for Canon 50mm f/1.8 STM,junnnhaooo
showthread.php?t=1703835,1703835,WTSell: DSLR - Canon 5DSR,Zantz
showthread.php?t=1703833,1703833,WTSell: DSLR - Canon EOS 200D Black,ized88
showthread.php?t=1703830,1703830,WTSell: DSLR - Canon EOS-1D X Mark II,cplee888
showthread.php?t=1703825,1703825,WTSell: Flash - Canon 220EX,Jedi
showthread.php?t=1703823,1703823,WTSell: Lens - Canon EF 40mm f2.8 STM,Jedi
showthread.php?t=1703808,1703808,WTSell: Lens - Canon 24-70mm F/2.8 MK II,neoro
